Date,User,Tweet,Time,Cleaned_Tweet,Tokens
2022:08:10,tsg_sportsgrail,AAP MLA Saurabh Bhardwaj Lies About Divya Kakran Not Representing Delhi After She Hits Out At Arvind Kejriwal For No Support #aap #kejriwal #arvindkejriwal #cwg2022 #cwg22 #mla #delhi #newdelhi 3divyakakran https://t.co/kcMVWSUald,09:02:30,aap mla saurabh bhardwaj lies about divya kakran not representing delhi after she hits out at arvind kejriwal for no support #aap #kejriwal #arvindkejriwal #cwg2022 #cwg22 #mla #delhi #newdelhi 3divyakakran ,"['AAP', 'MLA', 'Saurabh', 'Bhardwaj', 'Lies', 'About', 'Divya', 'Kakran', 'Not', 'Representing', 'Delhi', 'After', 'She', 'Hits', 'Out', 'At', 'Arvind', 'Kejriwal', 'For', 'No', 'Support', '#aap', '#kejriwal', '#arvindkejriwal', '#cwg2022', '#cwg22', '#mla', '#delhi', '#newdelhi', '3divyakakran', 'https://t.co/kcMVWSUald']"
2022:10:10,TIMES18News,RJD President Lalu Prasad Tejashwi Yadav Pitches For Opposition Unity In National Executive Meeting Delhi And Slams Narendra Modi¬†BJP https://t.co/tLl4QlW2Eg,12:52:39,rjd president lalu prasad tejashwi yadav pitches for opposition unity in national executive meeting delhi and slams narendra modi bjp ,"['RJD', 'President', 'Lalu', 'Prasad', 'Tejashwi', 'Yadav', 'Pitches', 'For', 'Opposition', 'Unity', 'In', 'National', 'Executive', 'Meeting', 'Delhi', 'And', 'Slams', 'Narendra', 'Modi', 'BJP', 'https://t.co/tLl4QlW2Eg']"
2022:09:21,HUNTDAILYNEWS1,French President Emmanuel Macron said Indian Prime Minister Narendra Modi was right when he said this is not the time for¬†war https://t.co/uXUv5swSHK,04:28:54,french president emmanuel macron said indian prime minister narendra modi was right when he said this is not the time for war ,"['French', 'President', 'Emmanuel', 'Macron', 'said', 'Indian', 'Prime', 'Minister', 'Narendra', 'Modi', 'was', 'right', 'when', 'he', 'said', 'this', 'is', 'not', 'the', 'time', 'for', 'war', 'https://t.co/uXUv5swSHK']"
2022:07:12,tfipost,"The appointment of Raghav Chadha as a secret Chief Minister will bring a sigh of relief to Arvind Kejriwal

https://t.co/BZKGXigyM3",09:30:00,the appointment of raghav chadha as secret chief minister will bring sigh of relief to arvind kejriwal ,"['The', 'appointment', 'of', 'Raghav', 'Chadha', 'as', 'a', 'secret', 'Chief', 'Minister', 'will', 'bring', 'a', 'sigh', 'of', 'relief', 'to', 'Arvind', 'Kejriwal', 'https://t.co/BZKGXigyM3']"
2022:08:27,Man_u_man,@thatmarineguy21 @ArvindKejriwal Arvind kejriwal will not answer but he will question other party and States. Advertisement karna hai tho bolo??? bhot bada budget @AamAadmiParty ka.,13:52:23, arvind kejriwal will not answer but he will question other party and states. advertisement karna hai tho bolo??? bhot bada budget ka.,"['@thatmarineguy21', '@ArvindKejriwal', 'Arvind', 'kejriwal', 'will', 'not', 'answer', 'but', 'he', 'will', 'question', 'other', 'party', 'and', 'States.', 'Advertisement', 'karna', 'hai', 'tho', 'bolo???', 'bhot', 'bada', 'budget', '@AamAadmiParty', 'ka.']"
2022:08:09,TheMornStandard,"Chief Minister Arvind Kejriwal on Tuesday said Covid cases are on the rise in Delhi but there is no need to panic as most new cases were mild in nature.

@NewIndianXpress @santwana99 

https://t.co/u2bVd0QmO4",09:19:36,chief minister arvind kejriwal on tuesday said covid cases are on the rise in delhi but there is no need to panic as most new cases were mild in nature. ,"['Chief', 'Minister', 'Arvind', 'Kejriwal', 'on', 'Tuesday', 'said', 'Covid', 'cases', 'are', 'on', 'the', 'rise', 'in', 'Delhi', 'but', 'there', 'is', 'no', 'need', 'to', 'panic', 'as', 'most', 'new', 'cases', 'were', 'mild', 'in', 'nature.', '@NewIndianXpress', '@santwana99', 'https://t.co/u2bVd0QmO4']"
2022:10:04,SabastianAugus1,Shashi Tharoor Claims Rahul Gandhi Wanted Hin To Run For Congress Presid... https://t.co/NgwVzoeyca via @YouTube,18:22:20,shashi tharoor claims rahul gandhi wanted hin to run for congress presid... via ,"['Shashi', 'Tharoor', 'Claims', 'Rahul', 'Gandhi', 'Wanted', 'Hin', 'To', 'Run', 'For', 'Congress', 'Presid...', 'https://t.co/NgwVzoeyca', 'via', '@YouTube']"
2022:10:03,money_and_biz_,[Bloomberg] Prime Minister Narendra Modi is banking on a 100-trillion-rupee mega project to ease bottlenecks on  https://t.co/ZYIW5sgxGI,06:08:43,[bloomberg] prime minister narendra modi is banking on 100-trillion-rupee mega project to ease bottlenecks on ,"['[Bloomberg]', 'Prime', 'Minister', 'Narendra', 'Modi', 'is', 'banking', 'on', 'a', '100-trillion-rupee', 'mega', 'project', 'to', 'ease', 'bottlenecks', 'on', 'https://t.co/ZYIW5sgxGI']"
2022:07:11,AnkitJain9873,"Arvind Kejriwal completed the first guarantee in GOA. 
@AAPGoa https://t.co/aJS7dwrBNW",07:51:36,arvind kejriwal completed the first guarantee in goa. ,"['Arvind', 'Kejriwal', 'completed', 'the', 'first', 'guarantee', 'in', 'GOA.', '@AAPGoa', 'https://t.co/aJS7dwrBNW']"
2022:09:30,NewsMobileIndia,"PM Narendra Modi to launch 5G services on 1st October

He will also inaugurate the sixth edition of the Indian Mobile Congress (IMC) to be held from 1st to 4th October with the theme of ‚ÄúNew digital Universe‚Äù, says PMO. https://t.co/sAIATqHRIi",06:32:42,"pm narendra modi to launch 5g services on 1st october he will also inaugurate the sixth edition of the indian mobile congress (imc) to be held from 1st to 4th october with the theme of ‚Äúnew digital universe‚Äù, says pmo. ","['PM', 'Narendra', 'Modi', 'to', 'launch', '5G', 'services', 'on', '1st', 'October', 'He', 'will', 'also', 'inaugurate', 'the', 'sixth', 'edition', 'of', 'the', 'Indian', 'Mobile', 'Congress', '(IMC)', 'to', 'be', 'held', 'from', '1st', 'to', '4th', 'October', 'with', 'the', 'theme', 'of', '‚ÄúNew', 'digital', 'Universe‚Äù,', 'says', 'PMO.', 'https://t.co/sAIATqHRIi']"
2022:10:05,Devil_Pranu_7,"This Is Undoubtedly The Best
Thing Happening Under The
Prime Minister Of India Narendra Modi

#DoubleEngine4Himachal https://t.co/2L9cazpGhJ",09:45:11,this is undoubtedly the best thing happening under the prime minister of india narendra modi #doubleengine4himachal ,"['This', 'Is', 'Undoubtedly', 'The', 'Best', 'Thing', 'Happening', 'Under', 'The', 'Prime', 'Minister', 'Of', 'India', 'Narendra', 'Modi', '#DoubleEngine4Himachal', 'https://t.co/2L9cazpGhJ']"
2022:09:17,Ramendr02120385,"Happy Birth Day to ,100% successful PM of India Shree Narendra Modi ji, praying for his
Long life !",05:56:31,"happy birth day to ,100% successful pm of india shree narendra modi ji, praying for his long life !","['Happy', 'Birth', 'Day', 'to', ',100%', 'successful', 'PM', 'of', 'India', 'Shree', 'Narendra', 'Modi', 'ji,', 'praying', 'for', 'his', 'Long', 'life', '!']"
2022:08:17,DeepakM94036064,@ArvindKejriwal Birthday greetings to delhi chief minister Shri Arvind Kejriwal jiI pray for his log life and good health,05:39:07, birthday greetings to delhi chief minister shri arvind kejriwal jii pray for his log life and good health,"['@ArvindKejriwal', 'Birthday', 'greetings', 'to', 'delhi', 'chief', 'minister', 'Shri', 'Arvind', 'Kejriwal', 'jiI', 'pray', 'for', 'his', 'log', 'life', 'and', 'good', 'health']"
2022:10:19,Kap57608111,"Some media comments

‚ÄúRahul Gandhi pulls off one of the most successful campaigns in Indian politics‚Äù

‚ÄúThe Congress grass roots has managed the biggest and most sweeping political event since Gandhi‚Äôs Salt March flawlessly‚Äù

BJP seems to have lost grip over the narrative‚Äù",00:06:56,some media comments ‚Äúrahul gandhi pulls off one of the most successful campaigns in indian politics‚Äù ‚Äúthe congress grass roots has managed the biggest and most sweeping political event since gandhi‚Äôs salt march flawlessly‚Äù bjp seems to have lost grip over the narrative‚Äù,"['Some', 'media', 'comments', '‚ÄúRahul', 'Gandhi', 'pulls', 'off', 'one', 'of', 'the', 'most', 'successful', 'campaigns', 'in', 'Indian', 'politics‚Äù', '‚ÄúThe', 'Congress', 'grass', 'roots', 'has', 'managed', 'the', 'biggest', 'and', 'most', 'sweeping', 'political', 'event', 'since', 'Gandhi‚Äôs', 'Salt', 'March', 'flawlessly‚Äù', 'BJP', 'seems', 'to', 'have', 'lost', 'grip', 'over', 'the', 'narrative‚Äù']"
2022:10:04,Chotturaman,Visit to temple( rented Gandhi Hindu title) church( Italian Mother ) &amp; mosque( Muslim father)  :ALL IN ONE PAPPU Rahul Gandhi‚Äôs day out on Day 24 of Yatra,06:08:31,visit to temple( rented gandhi hindu title) church( italian mother ) &amp; mosque( muslim father) :all in one pappu rahul gandhi‚Äôs day out on day 24 of yatra,"['Visit', 'to', 'temple(', 'rented', 'Gandhi', 'Hindu', 'title)', 'church(', 'Italian', 'Mother', ')', '&amp;', 'mosque(', 'Muslim', 'father)', ':ALL', 'IN', 'ONE', 'PAPPU', 'Rahul', 'Gandhi‚Äôs', 'day', 'out', 'on', 'Day', '24', 'of', 'Yatra']"
2022:08:02,HelloCrandil,"@bmahabharat2 Gujarat voters hv 
A solid tried trusted Alternative namely 
People's AAP 
Incorruptible 
Arvind Kejriwal 
Leading the crusade 
Not gujjubania stooges 
ModiShah with
BJP and RSS 
Willing to break up 
Bharat nation 
Sell it to 
Greedy cronies.
ü•∂üå∂",17:27:15, gujarat voters hv solid tried trusted alternative namely people's aap incorruptible arvind kejriwal leading the crusade not gujjubania stooges modishah with bjp and rss willing to break up bharat nation sell it to greedy cronies. ü•∂üå∂,"['@bmahabharat2', 'Gujarat', 'voters', 'hv', 'A', 'solid', 'tried', 'trusted', 'Alternative', 'namely', ""People's"", 'AAP', 'Incorruptible', 'Arvind', 'Kejriwal', 'Leading', 'the', 'crusade', 'Not', 'gujjubania', 'stooges', 'ModiShah', 'with', 'BJP', 'and', 'RSS', 'Willing', 'to', 'break', 'up', 'Bharat', 'nation', 'Sell', 'it', 'to', 'Greedy', 'cronies.', 'ü•∂üå∂']"
2022:09:17,yashdholiya,Happy Birthday to Indian prime minister Shree Narendra Modi ji üéäüéâ @narendramodi @PMOIndia,02:53:15,happy birthday to indian prime minister shree narendra modi ji üéäüéâ ,"['Happy', 'Birthday', 'to', 'Indian', 'prime', 'minister', 'Shree', 'Narendra', 'Modi', 'ji', 'üéäüéâ', '@narendramodi', '@PMOIndia']"
2022:09:29,AltafbukhariB,@pradipsinhbjp @narendramodi Welcome to Gujarat honorable Prime Minister Narendra Modi jiüíêüíê,04:58:05, welcome to gujarat honorable prime minister narendra modi jiüíêüíê,"['@pradipsinhbjp', '@narendramodi', 'Welcome', 'to', 'Gujarat', 'honorable', 'Prime', 'Minister', 'Narendra', 'Modi', 'jiüíêüíê']"
2022:10:17,HWNewsEnglish,"""Rahul Gandhi Stop Bharat Jodo Yatra, Go Himachal &amp; Gujarat For Campaigning"": Congress MP Francisco Sardinha - https://t.co/DlzyHmY9BA
#BharatJodoYatra #Congress #RahulGandhi #GujaratElections2022 #HimachalElections2022 #StopBharatJodoYatra https://t.co/v9aSYTc6p3",09:16:18,"""rahul gandhi stop bharat jodo yatra, go himachal &amp; gujarat for campaigning"": congress mp francisco sardinha - #bharatjodoyatra #congress #rahulgandhi #gujaratelections2022 #himachalelections2022 #stopbharatjodoyatra ","['""Rahul', 'Gandhi', 'Stop', 'Bharat', 'Jodo', 'Yatra,', 'Go', 'Himachal', '&amp;', 'Gujarat', 'For', 'Campaigning"":', 'Congress', 'MP', 'Francisco', 'Sardinha', '-', 'https://t.co/DlzyHmY9BA', '#BharatJodoYatra', '#Congress', '#RahulGandhi', '#GujaratElections2022', '#HimachalElections2022', '#StopBharatJodoYatra', 'https://t.co/v9aSYTc6p3']"
2022:08:25,puneet_banga,"Delhi: Arvind Kejriwal to meet AAP MLAs today, alleges BJP plans to dislodge govt.",04:09:55,"delhi: arvind kejriwal to meet aap mlas today, alleges bjp plans to dislodge govt.","['Delhi:', 'Arvind', 'Kejriwal', 'to', 'meet', 'AAP', 'MLAs', 'today,', 'alleges', 'BJP', 'plans', 'to', 'dislodge', 'govt.']"
2022:10:13,Starboy1848,"A warm welcome to our favourite prime minister Narendra Modi ji.
#HimachalWithDoubleEngine https://t.co/fLhY5mzEoM",04:15:55,a warm welcome to our favourite prime minister narendra modi ji. #himachalwithdoubleengine ,"['A', 'warm', 'welcome', 'to', 'our', 'favourite', 'prime', 'minister', 'Narendra', 'Modi', 'ji.', '#HimachalWithDoubleEngine', 'https://t.co/fLhY5mzEoM']"
2022:09:19,KreatelyMedia,"2/2

‡§ú‡§Ø ‡§Æ‡§π‡§æ‡§ï‡§æ‡§≤ üôè

Breathtaking view of the first phase of Mahakaleshwar Mandir corridor in Ujjain that will be inaugurated by PM Narendra Modi ji on October 11 2022 #Ujjain #Mahakaleshwar #Mandir https://t.co/eIIQs85gYq",17:05:57,2/2 ‡§ú‡§Ø ‡§Æ‡§π‡§æ‡§ï‡§æ‡§≤ üôè breathtaking view of the first phase of mahakaleshwar mandir corridor in ujjain that will be inaugurated by pm narendra modi ji on october 11 2022 #ujjain #mahakaleshwar #mandir ,"['2/2', '‡§ú‡§Ø', '‡§Æ‡§π‡§æ‡§ï‡§æ‡§≤', 'üôè', 'Breathtaking', 'view', 'of', 'the', 'first', 'phase', 'of', 'Mahakaleshwar', 'Mandir', 'corridor', 'in', 'Ujjain', 'that', 'will', 'be', 'inaugurated', 'by', 'PM', 'Narendra', 'Modi', 'ji', 'on', 'October', '11', '2022', '#Ujjain', '#Mahakaleshwar', '#Mandir', 'https://t.co/eIIQs85gYq']"
2022:10:10,aajtakgudanal1,"Gujaratis blessed me for 2 decades, caste didn‚Äôt matter: PM Narendra Modi | India News ‚Äì Times of¬†India https://t.co/1Du7w8IEHs",03:31:51,"gujaratis blessed me for 2 decades, caste didn‚Äôt matter: pm narendra modi | india news ‚Äì times of india ","['Gujaratis', 'blessed', 'me', 'for', '2', 'decades,', 'caste', 'didn‚Äôt', 'matter:', 'PM', 'Narendra', 'Modi', '|', 'India', 'News', '‚Äì', 'Times', 'of', 'India', 'https://t.co/1Du7w8IEHs']"
2022:10:02,banglanews_eng,"Indian President Murmu, PM Modi pay tributes to Mahatma Gandhi on 153rd birthday Indian President Droupadi Murmu, Prime Minister Narendra Modi and top opposition leader Sonia Gandhi today (October 2, 2022) paid tributes to Father of the Nation Mahatma Ga‚Ä¶ https://t.co/KOVNHV2WE7",07:36:57,"indian president murmu, pm modi pay tributes to mahatma gandhi on 153rd birthday indian president droupadi murmu, prime minister narendra modi and top opposition leader sonia gandhi today (october 2, 2022) paid tributes to father of the nation mahatma ga‚Ä¶ ","['Indian', 'President', 'Murmu,', 'PM', 'Modi', 'pay', 'tributes', 'to', 'Mahatma', 'Gandhi', 'on', '153rd', 'birthday', 'Indian', 'President', 'Droupadi', 'Murmu,', 'Prime', 'Minister', 'Narendra', 'Modi', 'and', 'top', 'opposition', 'leader', 'Sonia', 'Gandhi', 'today', '(October', '2,', '2022)', 'paid', 'tributes', 'to', 'Father', 'of', 'the', 'Nation', 'Mahatma', 'Ga‚Ä¶', 'https://t.co/KOVNHV2WE7']"
2022:09:30,Siddhaartth,"Kannada writer &amp; intellectual, Akademi awardee Devanuru Mahadeva presented preamble of the constitution to Rahul Gandhi in Gundulpet
#BharatJodoYatra https://t.co/WqjSFqAFef",15:37:00,"kannada writer &amp; intellectual, akademi awardee devanuru mahadeva presented preamble of the constitution to rahul gandhi in gundulpet #bharatjodoyatra ","['Kannada', 'writer', '&amp;', 'intellectual,', 'Akademi', 'awardee', 'Devanuru', 'Mahadeva', 'presented', 'preamble', 'of', 'the', 'constitution', 'to', 'Rahul', 'Gandhi', 'in', 'Gundulpet', '#BharatJodoYatra', 'https://t.co/WqjSFqAFef']"
2022:10:06,PradeepkumarPM,"@mmvp2005 @RahulGandhi Indeed, thousands of crores hv been spent by BJP to tarnish the image of Rahul Gandhi past 10 years. Side by side BJP ensured that Congress PC or protests are not covered by mainstream Media(went to the extent of buying them through back door. Misused of ED, IT etc to intimidate",11:50:56," indeed, thousands of crores hv been spent by bjp to tarnish the image of rahul gandhi past 10 years. side by side bjp ensured that congress pc or protests are not covered by mainstream media(went to the extent of buying them through back door. misused of ed, it etc to intimidate","['@mmvp2005', '@RahulGandhi', 'Indeed,', 'thousands', 'of', 'crores', 'hv', 'been', 'spent', 'by', 'BJP', 'to', 'tarnish', 'the', 'image', 'of', 'Rahul', 'Gandhi', 'past', '10', 'years.', 'Side', 'by', 'side', 'BJP', 'ensured', 'that', 'Congress', 'PC', 'or', 'protests', 'are', 'not', 'covered', 'by', 'mainstream', 'Media(went', 'to', 'the', 'extent', 'of', 'buying', 'them', 'through', 'back', 'door.', 'Misused', 'of', 'ED,', 'IT', 'etc', 'to', 'intimidate']"
2022:10:03,tracerbullet_,"arvind kejriwal reminds me of my ex, the way he twists &amp; turns his words, such a hypocrite he is ‚ô®Ô∏è https://t.co/1RydMnJ75Z",09:05:04,"arvind kejriwal reminds me of my ex, the way he twists &amp; turns his words, such hypocrite he is ‚ô®Ô∏è ","['arvind', 'kejriwal', 'reminds', 'me', 'of', 'my', 'ex,', 'the', 'way', 'he', 'twists', '&amp;', 'turns', 'his', 'words,', 'such', 'a', 'hypocrite', 'he', 'is', '‚ô®Ô∏è', 'https://t.co/1RydMnJ75Z']"
2022:07:31,inbi_news,"Arvind Kejriwal ‚Äòscared‚Äô of CBI probe: BJP as Delhi government rolls back new excise policy.

https://t.co/r7n6uVeaLE",02:54:10,arvind kejriwal ‚Äòscared‚Äô of cbi probe: bjp as delhi government rolls back new excise policy. ,"['Arvind', 'Kejriwal', '‚Äòscared‚Äô', 'of', 'CBI', 'probe:', 'BJP', 'as', 'Delhi', 'government', 'rolls', 'back', 'new', 'excise', 'policy.', 'https://t.co/r7n6uVeaLE']"
2022:10:04,OdishaDiary,PM Narendra Modi pays tributes to Shyamji Krishna Varma on his¬†Jayanti https://t.co/4KbFpHuDQX,11:43:54,pm narendra modi pays tributes to shyamji krishna varma on his jayanti ,"['PM', 'Narendra', 'Modi', 'pays', 'tributes', 'to', 'Shyamji', 'Krishna', 'Varma', 'on', 'his', 'Jayanti', 'https://t.co/4KbFpHuDQX']"
2022:10:07,SatishKapur4,@_pallavighosh The difference is those who post pics of Modi who runs the govt does it for largesse or on compulsion &amp; those posting Rahul Gandhi's pics does it without being forced &amp; without expecting any giveways  &amp; nothing is wrong in it while in the other one whole thing is wrong.,08:14:52, the difference is those who post pics of modi who runs the govt does it for largesse or on compulsion &amp; those posting rahul gandhi's pics does it without being forced &amp; without expecting any giveways &amp; nothing is wrong in it while in the other one whole thing is wrong.,"['@_pallavighosh', 'The', 'difference', 'is', 'those', 'who', 'post', 'pics', 'of', 'Modi', 'who', 'runs', 'the', 'govt', 'does', 'it', 'for', 'largesse', 'or', 'on', 'compulsion', '&amp;', 'those', 'posting', 'Rahul', ""Gandhi's"", 'pics', 'does', 'it', 'without', 'being', 'forced', '&amp;', 'without', 'expecting', 'any', 'giveways', '&amp;', 'nothing', 'is', 'wrong', 'in', 'it', 'while', 'in', 'the', 'other', 'one', 'whole', 'thing', 'is', 'wrong.']"
2022:08:24,annimpex,@AamAadmiParty @SanjayAzadSln Yehi waqt jai bjp par zabardast chabaddi gaanthne ka pooradesh is samay #AAP k favour me aa chuka hai aur modi/bjp ki pol khul chuki hai..ABP bhi apna servay dikha chuka hai ki 2022 me ‚ÇπArvind kejriwal /#AAP desh me apne kaam se kitne popular ho chuka hain. ‚úåÔ∏èüëåüëè,07:06:17, yehi waqt jai bjp par zabardast chabaddi gaanthne ka pooradesh is samay #aap favour me aa chuka hai aur modi/bjp ki pol khul chuki hai..abp bhi apna servay dikha chuka hai ki 2022 me ‚Çπarvind kejriwal /#aap desh me apne kaam se kitne popular ho chuka hain. ‚úåÔ∏èüëåüëè,"['@AamAadmiParty', '@SanjayAzadSln', 'Yehi', 'waqt', 'jai', 'bjp', 'par', 'zabardast', 'chabaddi', 'gaanthne', 'ka', 'pooradesh', 'is', 'samay', '#AAP', 'k', 'favour', 'me', 'aa', 'chuka', 'hai', 'aur', 'modi/bjp', 'ki', 'pol', 'khul', 'chuki', 'hai..ABP', 'bhi', 'apna', 'servay', 'dikha', 'chuka', 'hai', 'ki', '2022', 'me', '‚ÇπArvind', 'kejriwal', '/#AAP', 'desh', 'me', 'apne', 'kaam', 'se', 'kitne', 'popular', 'ho', 'chuka', 'hain.', '‚úåÔ∏èüëåüëè']"
2022:10:04,watchful_sniper,Rahul Gandhi in congress is like an elephant in a sugarcane field ‚Ä¶. https://t.co/NPmNY1aYS0,05:12:08,rahul gandhi in congress is like an elephant in sugarcane field ‚Ä¶. ,"['Rahul', 'Gandhi', 'in', 'congress', 'is', 'like', 'an', 'elephant', 'in', 'a', 'sugarcane', 'field', '‚Ä¶.', 'https://t.co/NPmNY1aYS0']"
2022:09:16,sandeepkumarm61,"Chinese Prime Minister Xi Jinping congratulates #India and PM Narendra Modi, wishes luck for 'being the host' next year",08:29:27,"chinese prime minister xi jinping congratulates #india and pm narendra modi, wishes luck for 'being the host' next year","['Chinese', 'Prime', 'Minister', 'Xi', 'Jinping', 'congratulates', '#India', 'and', 'PM', 'Narendra', 'Modi,', 'wishes', 'luck', 'for', ""'being"", 'the', ""host'"", 'next', 'year']"
2022:07:16,wwwcurrentnews1,Arvind Kejriwal‚Äôs AAP To Back Yashwant Sinha For President. Here‚Äôs¬†Why https://t.co/MTcebXIDQt,11:33:53,arvind kejriwal‚Äôs aap to back yashwant sinha for president. here‚Äôs why ,"['Arvind', 'Kejriwal‚Äôs', 'AAP', 'To', 'Back', 'Yashwant', 'Sinha', 'For', 'President.', 'Here‚Äôs', 'Why', 'https://t.co/MTcebXIDQt']"
2022:08:03,sharadgoswamis,"@Debjani48444388 @safroonlite It's backdoor entry 4 Akhilesh, Rahul &amp; many others . Mamta, Modi, shah, Mayawati, Arvind Kejriwal are not backdoor entry. Entitled do nothing in life, enter politics in kins name, sit on party post without working 4 it, get ticket from safe seat. That's backdoor entry.",08:21:21," it's backdoor entry 4 akhilesh, rahul &amp; many others . mamta, modi, shah, mayawati, arvind kejriwal are not backdoor entry. entitled do nothing in life, enter politics in kins name, sit on party post without working 4 it, get ticket from safe seat. that's backdoor entry.","['@Debjani48444388', '@safroonlite', ""It's"", 'backdoor', 'entry', '4', 'Akhilesh,', 'Rahul', '&amp;', 'many', 'others', '.', 'Mamta,', 'Modi,', 'shah,', 'Mayawati,', 'Arvind', 'Kejriwal', 'are', 'not', 'backdoor', 'entry.', 'Entitled', 'do', 'nothing', 'in', 'life,', 'enter', 'politics', 'in', 'kins', 'name,', 'sit', 'on', 'party', 'post', 'without', 'working', '4', 'it,', 'get', 'ticket', 'from', 'safe', 'seat.', ""That's"", 'backdoor', 'entry.']"
2022:10:18,SomaniSampat,"@SupriyaShrinate Bcz put is not voting congress
See Punjab .. BJP ko bhulo
U were thrown out by kejariwal...
By ordinary team 
Rahul Gandhi aur Randeep Singh sujarewala..tum bhi kuch nahi kar payi
Arre kartoon to tum bani
Bekar tweet kar kar ke
Ab yatra ke baad compare kejariwal and Rahul Gandhi",11:09:53, bcz put is not voting congress see punjab .. bjp ko bhulo were thrown out by kejariwal... by ordinary team rahul gandhi aur randeep singh sujarewala..tum bhi kuch nahi kar payi arre kartoon to tum bani bekar tweet kar kar ke ab yatra ke baad compare kejariwal and rahul gandhi,"['@SupriyaShrinate', 'Bcz', 'put', 'is', 'not', 'voting', 'congress', 'See', 'Punjab', '..', 'BJP', 'ko', 'bhulo', 'U', 'were', 'thrown', 'out', 'by', 'kejariwal...', 'By', 'ordinary', 'team', 'Rahul', 'Gandhi', 'aur', 'Randeep', 'Singh', 'sujarewala..tum', 'bhi', 'kuch', 'nahi', 'kar', 'payi', 'Arre', 'kartoon', 'to', 'tum', 'bani', 'Bekar', 'tweet', 'kar', 'kar', 'ke', 'Ab', 'yatra', 'ke', 'baad', 'compare', 'kejariwal', 'and', 'Rahul', 'Gandhi']"
2022:09:22,bulletin_ex,Narendra Modi government commits to tribal¬†welfare https://t.co/LDvRMDCwyr,23:39:31,narendra modi government commits to tribal welfare ,"['Narendra', 'Modi', 'government', 'commits', 'to', 'tribal', 'welfare', 'https://t.co/LDvRMDCwyr']"
2022:09:17,Gjallarhornet,"Indian leader Narendra Modi tells #Putin: Now is not the time for war 

#StandWithUkraine #RussiaAggression #RussianCrimes #Dictatorship #Surveillance #Censorship #RussianWarCrimes #FreeNavalny #PutinsWar #Russia 

https://t.co/bOfN5YOEul",18:11:38,indian leader narendra modi tells #putin: now is not the time for war #standwithukraine #russiaaggression #russiancrimes #dictatorship #surveillance #censorship #russianwarcrimes #freenavalny #putinswar #russia ,"['Indian', 'leader', 'Narendra', 'Modi', 'tells', '#Putin:', 'Now', 'is', 'not', 'the', 'time', 'for', 'war', '#StandWithUkraine', '#RussiaAggression', '#RussianCrimes', '#Dictatorship', '#Surveillance', '#Censorship', '#RussianWarCrimes', '#FreeNavalny', '#PutinsWar', '#Russia', 'https://t.co/bOfN5YOEul']"
2022:10:02,NamasteCosmos,"@changu311 @changu311 Madam,Why hindu politicians in USA or UK like Rishi Sunak don't speak a word  for hindus (against media outlets on disinformation/propaganda or against Radicals) ?Do they visit temple only for vote just like Rahul Gandhi? Or there is a good/logical reason to not speak?",15:33:15," madam,why hindu politicians in usa or uk like rishi sunak don't speak word for hindus (against media outlets on disinformation/propaganda or against radicals) ?do they visit temple only for vote just like rahul gandhi? or there is good/logical reason to not speak?","['@changu311', '@changu311', 'Madam,Why', 'hindu', 'politicians', 'in', 'USA', 'or', 'UK', 'like', 'Rishi', 'Sunak', ""don't"", 'speak', 'a', 'word', 'for', 'hindus', '(against', 'media', 'outlets', 'on', 'disinformation/propaganda', 'or', 'against', 'Radicals)', '?Do', 'they', 'visit', 'temple', 'only', 'for', 'vote', 'just', 'like', 'Rahul', 'Gandhi?', 'Or', 'there', 'is', 'a', 'good/logical', 'reason', 'to', 'not', 'speak?']"
2022:09:29,kumar56p,"including then Chief Minister Narendra Modi in the 2002 Gujarat riots cases. Sreekumar was arrested after a three-judge bench of the Supreme Court made adverse remarks against him on June 24 while dismissing a plea by Zakia Jafri, wife of former Congress MP Ehsan Jafri, who was",13:47:15,"including then chief minister narendra modi in the 2002 gujarat riots cases. sreekumar was arrested after three-judge bench of the supreme court made adverse remarks against him on june 24 while dismissing plea by zakia jafri, wife of former congress mp ehsan jafri, who was","['including', 'then', 'Chief', 'Minister', 'Narendra', 'Modi', 'in', 'the', '2002', 'Gujarat', 'riots', 'cases.', 'Sreekumar', 'was', 'arrested', 'after', 'a', 'three-judge', 'bench', 'of', 'the', 'Supreme', 'Court', 'made', 'adverse', 'remarks', 'against', 'him', 'on', 'June', '24', 'while', 'dismissing', 'a', 'plea', 'by', 'Zakia', 'Jafri,', 'wife', 'of', 'former', 'Congress', 'MP', 'Ehsan', 'Jafri,', 'who', 'was']"
2022:07:21,Kashmeranews,"#Jammukashmir Arvind Kejriwal promises 300 units of free electricity if AAP voted to power in Gujarat

Full Video:‚Ä¶ https://t.co/xYSFCkKwVd",13:17:58,#jammukashmir arvind kejriwal promises 300 units of free electricity if aap voted to power in gujarat full video:‚Ä¶ ,"['#Jammukashmir', 'Arvind', 'Kejriwal', 'promises', '300', 'units', 'of', 'free', 'electricity', 'if', 'AAP', 'voted', 'to', 'power', 'in', 'Gujarat', 'Full', 'Video:‚Ä¶', 'https://t.co/xYSFCkKwVd']"
2022:09:27,sgdutt41,@Jairam_Ramesh @RahulGandhi * Are the Congress MLAs in Rajasthan aware of the issues of price rise &amp; unemployment ? These are the main issues about which common people are trying to talk to Sh Rahul Gandhi. . .,07:35:03, * are the congress mlas in rajasthan aware of the issues of price rise &amp; unemployment ? these are the main issues about which common people are trying to talk to sh rahul gandhi. . .,"['@Jairam_Ramesh', '@RahulGandhi', '*', 'Are', 'the', 'Congress', 'MLAs', 'in', 'Rajasthan', 'aware', 'of', 'the', 'issues', 'of', 'price', 'rise', '&amp;', 'unemployment', '?', 'These', 'are', 'the', 'main', 'issues', 'about', 'which', 'common', 'people', 'are', 'trying', 'to', 'talk', 'to', 'Sh', 'Rahul', 'Gandhi.', '.', '.']"
2022:07:09,AdityaGoswami_,"Delhi‚Äôs CM Arvind Kejriwal and DJB‚Äôs Chairman &amp; Delhi‚Äôs Deputy CM Manish Sisodia need to answer this.

-Corruption worth around Rs 38 crores
-Rs 1.5 crores Cash seized from the premises of DJB‚Äôs Chief Engineer https://t.co/0WX3hwwIoW",13:34:45,delhi‚Äôs cm arvind kejriwal and djb‚Äôs chairman &amp; delhi‚Äôs deputy cm manish sisodia need to answer this. -corruption worth around rs 38 crores -rs 1.5 crores cash seized from the premises of djb‚Äôs chief engineer ,"['Delhi‚Äôs', 'CM', 'Arvind', 'Kejriwal', 'and', 'DJB‚Äôs', 'Chairman', '&amp;', 'Delhi‚Äôs', 'Deputy', 'CM', 'Manish', 'Sisodia', 'need', 'to', 'answer', 'this.', '-Corruption', 'worth', 'around', 'Rs', '38', 'crores', '-Rs', '1.5', 'crores', 'Cash', 'seized', 'from', 'the', 'premises', 'of', 'DJB‚Äôs', 'Chief', 'Engineer', 'https://t.co/0WX3hwwIoW']"
2022:09:30,MirrorNow,"Prime Minister Narendra Modi tweeted out pics aboard the #vandebharatexpress. The train made its maiden journey from #Gandhinagar to #Ahmedabad. He was seen interacting with co-passengers along the way.

#PMModiInGujarat https://t.co/m7JDCjVJMY",07:10:00,prime minister narendra modi tweeted out pics aboard the #vandebharatexpress. the train made its maiden journey from #gandhinagar to #ahmedabad. he was seen interacting with co-passengers along the way. #pmmodiingujarat ,"['Prime', 'Minister', 'Narendra', 'Modi', 'tweeted', 'out', 'pics', 'aboard', 'the', '#vandebharatexpress.', 'The', 'train', 'made', 'its', 'maiden', 'journey', 'from', '#Gandhinagar', 'to', '#Ahmedabad.', 'He', 'was', 'seen', 'interacting', 'with', 'co-passengers', 'along', 'the', 'way.', '#PMModiInGujarat', 'https://t.co/m7JDCjVJMY']"
2022:10:16,thehindupatrika,"BJP throws 'Khatam, Tata, Bye-bye' barb at Rahul Gandhi in parody video; Congress hits back with 'Chavanni Chaap' jibe https://t.co/lLBgxMEpKl : @TheNileshDesai #TheHinduPatrika #News",12:55:37,"bjp throws 'khatam, tata, bye-bye' barb at rahul gandhi in parody video; congress hits back with 'chavanni chaap' jibe : #thehindupatrika #news","['BJP', 'throws', ""'Khatam,"", 'Tata,', ""Bye-bye'"", 'barb', 'at', 'Rahul', 'Gandhi', 'in', 'parody', 'video;', 'Congress', 'hits', 'back', 'with', ""'Chavanni"", ""Chaap'"", 'jibe', 'https://t.co/lLBgxMEpKl', ':', '@TheNileshDesai', '#TheHinduPatrika', '#News']"
2022:10:10,peaceXsays,If you really want to do anything good then go and check out this news. Our Honorable prime minister Narendra Modi ji has started the Development project in Jamnagar. #VishwasSeVikas,06:40:38,if you really want to do anything good then go and check out this news. our honorable prime minister narendra modi ji has started the development project in jamnagar. #vishwassevikas,"['If', 'you', 'really', 'want', 'to', 'do', 'anything', 'good', 'then', 'go', 'and', 'check', 'out', 'this', 'news.', 'Our', 'Honorable', 'prime', 'minister', 'Narendra', 'Modi', 'ji', 'has', 'started', 'the', 'Development', 'project', 'in', 'Jamnagar.', '#VishwasSeVikas']"
2022:09:27,TheMeghalayan,"BY THE EDITOR | Dissatisfied with right-wing policy of Narendra Modi government at the Centre and terming it as ‚Äòfascist regime‚Äô certain groups become restless and try to foment troubles across the country.
https://t.co/O1JznfjXhN",04:14:09,by the editor | dissatisfied with right-wing policy of narendra modi government at the centre and terming it as ‚Äòfascist regime‚Äô certain groups become restless and try to foment troubles across the country. ,"['BY', 'THE', 'EDITOR', '|', 'Dissatisfied', 'with', 'right-wing', 'policy', 'of', 'Narendra', 'Modi', 'government', 'at', 'the', 'Centre', 'and', 'terming', 'it', 'as', '‚Äòfascist', 'regime‚Äô', 'certain', 'groups', 'become', 'restless', 'and', 'try', 'to', 'foment', 'troubles', 'across', 'the', 'country.', 'https://t.co/O1JznfjXhN']"
2022:10:13,TattvaNews,"Productivity Linked Bonus equivalent to 78 days to be paid for railway employees Productivity Linked Bonus equivalent to 78 days to be paid for railway¬†employees The Union Cabinet chaired by the Prime Minister, Narendra Modi, has given its... https://t.co/OIQYT7BE4p",04:15:50,"productivity linked bonus equivalent to 78 days to be paid for railway employees productivity linked bonus equivalent to 78 days to be paid for railway employees the union cabinet chaired by the prime minister, narendra modi, has given its... ","['Productivity', 'Linked', 'Bonus', 'equivalent', 'to', '78', 'days', 'to', 'be', 'paid', 'for', 'railway', 'employees', 'Productivity', 'Linked', 'Bonus', 'equivalent', 'to', '78', 'days', 'to', 'be', 'paid', 'for', 'railway', 'employees', 'The', 'Union', 'Cabinet', 'chaired', 'by', 'the', 'Prime', 'Minister,', 'Narendra', 'Modi,', 'has', 'given', 'its...', 'https://t.co/OIQYT7BE4p']"
2022:08:30,MIMNEWS3,"BJP using Anna Hazare to target me, says Arvind¬†Kejriwal https://t.co/ET2ekX4F3H",15:16:58,"bjp using anna hazare to target me, says arvind kejriwal ","['BJP', 'using', 'Anna', 'Hazare', 'to', 'target', 'me,', 'says', 'Arvind', 'Kejriwal', 'https://t.co/ET2ekX4F3H']"
2022:09:17,AnilKohar11,"Wishing a very Happy Birthday to Honorable PM of India
Shri Narendra Modi Ji... https://t.co/U1TJHfChzO",15:00:47,wishing very happy birthday to honorable pm of india shri narendra modi ji... ,"['Wishing', 'a', 'very', 'Happy', 'Birthday', 'to', 'Honorable', 'PM', 'of', 'India', 'Shri', 'Narendra', 'Modi', 'Ji...', 'https://t.co/U1TJHfChzO']"
2022:08:21,TimesNow,"#Breaking

#LiquorPeLadai | "" 'Pairo ke neeche aapke zameen nahi h, gazab ye h ki aapko yakeen nahi h.' If anyone is 'Kattar beimaan' then that is Arvind Kejriwal, Satyendra Jain and Manish Sisodia,"" BJP briefs media https://t.co/OicSXRCSXP",07:42:26,"#breaking #liquorpeladai | "" 'pairo ke neeche aapke zameen nahi h, gazab ye ki aapko yakeen nahi h.' if anyone is 'kattar beimaan' then that is arvind kejriwal, satyendra jain and manish sisodia,"" bjp briefs media ","['#Breaking', '#LiquorPeLadai', '|', '""', ""'Pairo"", 'ke', 'neeche', 'aapke', 'zameen', 'nahi', 'h,', 'gazab', 'ye', 'h', 'ki', 'aapko', 'yakeen', 'nahi', ""h.'"", 'If', 'anyone', 'is', ""'Kattar"", ""beimaan'"", 'then', 'that', 'is', 'Arvind', 'Kejriwal,', 'Satyendra', 'Jain', 'and', 'Manish', 'Sisodia,""', 'BJP', 'briefs', 'media', 'https://t.co/OicSXRCSXP']"
2022:10:19,mnjworldcom123,Participants of the Special ASEAN-India Foreign Ministers‚Äô Meeting called on Prime Minister Shri Narendra Modi¬†today https://t.co/YBRoOsRCrE,15:55:49,participants of the special asean-india foreign ministers‚Äô meeting called on prime minister shri narendra modi today ,"['Participants', 'of', 'the', 'Special', 'ASEAN-India', 'Foreign', 'Ministers‚Äô', 'Meeting', 'called', 'on', 'Prime', 'Minister', 'Shri', 'Narendra', 'Modi', 'today', 'https://t.co/YBRoOsRCrE']"
2022:09:30,helpers52,"During the today's gujarat visit, Prime Minister Narendra Modi will visit the Ambaji Shaktipeeth Temple  and participate in many programs...
#‡§Æ‡•ã‡§¶‡•Ä‡§ú‡•Ä_‡§ï‡•Ä_‡§Æ‡§æ‡§§‡•É‡§≠‡§ï‡•ç‡§§‡§ø",13:55:45,"during the today's gujarat visit, prime minister narendra modi will visit the ambaji shaktipeeth temple and participate in many programs... #‡§Æ‡•ã‡§¶‡•Ä‡§ú‡•Ä_‡§ï‡•Ä_‡§Æ‡§æ‡§§‡•É‡§≠‡§ï‡•ç‡§§‡§ø","['During', 'the', ""today's"", 'gujarat', 'visit,', 'Prime', 'Minister', 'Narendra', 'Modi', 'will', 'visit', 'the', 'Ambaji', 'Shaktipeeth', 'Temple', 'and', 'participate', 'in', 'many', 'programs...', '#‡§Æ‡•ã‡§¶‡•Ä‡§ú‡•Ä_‡§ï‡•Ä_‡§Æ‡§æ‡§§‡•É‡§≠‡§ï‡•ç‡§§‡§ø']"
2022:08:22,RESUNIVERSAL,@ANI Will Delhi CM Arvind Kejriwal retain his position after the 2023 elections?,11:28:53, will delhi cm arvind kejriwal retain his position after the 2023 elections?,"['@ANI', 'Will', 'Delhi', 'CM', 'Arvind', 'Kejriwal', 'retain', 'his', 'position', 'after', 'the', '2023', 'elections?']"
2022:09:30,_ram_nagesh_,"The entire nation is interested in rahul gandhi bharat jodo yatra. This is one of an example

#KarnatakaWelcomesRahul https://t.co/k6qUmvEZ0I",15:21:36,the entire nation is interested in rahul gandhi bharat jodo yatra. this is one of an example #karnatakawelcomesrahul ,"['The', 'entire', 'nation', 'is', 'interested', 'in', 'rahul', 'gandhi', 'bharat', 'jodo', 'yatra.', 'This', 'is', 'one', 'of', 'an', 'example', '#KarnatakaWelcomesRahul', 'https://t.co/k6qUmvEZ0I']"
2022:09:17,SaliyanAdarsh,"Warm birthday greetings to Hon'ble Prime Minister Shri Narendra Modi  ji. God bless you with long life and good health.
#HappyBdayModiji https://t.co/NwiGgmeCyP",01:48:43,warm birthday greetings to hon'ble prime minister shri narendra modi ji. god bless you with long life and good health. #happybdaymodiji ,"['Warm', 'birthday', 'greetings', 'to', ""Hon'ble"", 'Prime', 'Minister', 'Shri', 'Narendra', 'Modi', 'ji.', 'God', 'bless', 'you', 'with', 'long', 'life', 'and', 'good', 'health.', '#HappyBdayModiji', 'https://t.co/NwiGgmeCyP']"
2022:07:27,PandaJay,"This is a severe indictment of Arvind Kejriwal and his government.
Ideally, after the remarks by Hon' HC, he should immediately expel the 'minister with criminal background'. https://t.co/1sGHXXQhz4",12:29:10,"this is severe indictment of arvind kejriwal and his government. ideally, after the remarks by hon' hc, he should immediately expel the 'minister with criminal background'. ","['This', 'is', 'a', 'severe', 'indictment', 'of', 'Arvind', 'Kejriwal', 'and', 'his', 'government.', 'Ideally,', 'after', 'the', 'remarks', 'by', ""Hon'"", 'HC,', 'he', 'should', 'immediately', 'expel', 'the', ""'minister"", 'with', 'criminal', ""background'."", 'https://t.co/1sGHXXQhz4']"
2022:09:17,Manucha61311734,Happy birthday to you Narendra Modi Pm of India https://t.co/wZzygZvVDH,13:00:19,happy birthday to you narendra modi pm of india ,"['Happy', 'birthday', 'to', 'you', 'Narendra', 'Modi', 'Pm', 'of', 'India', 'https://t.co/wZzygZvVDH']"
2022:09:28,maddisrinivas16,"@Pradeep73267244 Yes, i agree with you, Pradeep ji, about Rahul Gandhi.But at the same time, Priyanka Gandhi is not to be forgotten &amp; is to be cared for.RAHUL FOR AICC PRESIDENT&amp; PRIYANKA FOR PM OF https://t.co/f3tZssZNbC DOUBT.",13:41:57," yes, agree with you, pradeep ji, about rahul gandhi.but at the same time, priyanka gandhi is not to be forgotten &amp; is to be cared for.rahul for aicc president&amp; priyanka for pm of doubt.","['@Pradeep73267244', 'Yes,', 'i', 'agree', 'with', 'you,', 'Pradeep', 'ji,', 'about', 'Rahul', 'Gandhi.But', 'at', 'the', 'same', 'time,', 'Priyanka', 'Gandhi', 'is', 'not', 'to', 'be', 'forgotten', '&amp;', 'is', 'to', 'be', 'cared', 'for.RAHUL', 'FOR', 'AICC', 'PRESIDENT&amp;', 'PRIYANKA', 'FOR', 'PM', 'OF', 'https://t.co/f3tZssZNbC', 'DOUBT.']"
2022:10:13,state_sentinel,"In a big accolade for the Narendra Modi government's Direct Benefit Transfer scheme, the International Monetary Fund (IMF) has termed it a 'logistical marvel' considering the sheer size of the country. https://t.co/lCcsuvWy3j",11:30:00,"in big accolade for the narendra modi government's direct benefit transfer scheme, the international monetary fund (imf) has termed it 'logistical marvel' considering the sheer size of the country. ","['In', 'a', 'big', 'accolade', 'for', 'the', 'Narendra', 'Modi', ""government's"", 'Direct', 'Benefit', 'Transfer', 'scheme,', 'the', 'International', 'Monetary', 'Fund', '(IMF)', 'has', 'termed', 'it', 'a', ""'logistical"", ""marvel'"", 'considering', 'the', 'sheer', 'size', 'of', 'the', 'country.', 'https://t.co/lCcsuvWy3j']"
2022:10:16,hwnewsnetwork,"Fact Check: ‡§ï‡•ç‡§Ø‡§æ Arvind Kejriwal ‡§®‡•á ‡§™‡§ï‡§°‡§º‡§æ ‡§â‡§≤‡•ç‡§ü‡§æ ‡§ß‡§®‡•Å‡§∑ ‡§¨‡§æ‡§£? ‡§ú‡§æ‡§®‡§ø‡§è ‡§§‡§∏‡•ç‡§µ‡•Ä‡§∞ ‡§ï‡•Ä ‡§∏‡§ö‡•ç‡§ö‡§æ‡§à - https://t.co/jCxaCh1AMv | @NNsonukanojia

#FactCheck #ArvindKejriwal #Navratri #FakeNews #ViralVideo #RealityCheck #AAP #AamAadmiParty #DelhiCM https://t.co/gqyKlxu5ir",13:22:29,fact check: ‡§ï‡•ç‡§Ø‡§æ arvind kejriwal ‡§®‡•á ‡§™‡§ï‡§°‡§º‡§æ ‡§â‡§≤‡•ç‡§ü‡§æ ‡§ß‡§®‡•Å‡§∑ ‡§¨‡§æ‡§£? ‡§ú‡§æ‡§®‡§ø‡§è ‡§§‡§∏‡•ç‡§µ‡•Ä‡§∞ ‡§ï‡•Ä ‡§∏‡§ö‡•ç‡§ö‡§æ‡§à - | #factcheck #arvindkejriwal #navratri #fakenews #viralvideo #realitycheck #aap #aamaadmiparty #delhicm ,"['Fact', 'Check:', '‡§ï‡•ç‡§Ø‡§æ', 'Arvind', 'Kejriwal', '‡§®‡•á', '‡§™‡§ï‡§°‡§º‡§æ', '‡§â‡§≤‡•ç‡§ü‡§æ', '‡§ß‡§®‡•Å‡§∑', '‡§¨‡§æ‡§£?', '‡§ú‡§æ‡§®‡§ø‡§è', '‡§§‡§∏‡•ç‡§µ‡•Ä‡§∞', '‡§ï‡•Ä', '‡§∏‡§ö‡•ç‡§ö‡§æ‡§à', '-', 'https://t.co/jCxaCh1AMv', '|', '@NNsonukanojia', '#FactCheck', '#ArvindKejriwal', '#Navratri', '#FakeNews', '#ViralVideo', '#RealityCheck', '#AAP', '#AamAadmiParty', '#DelhiCM', 'https://t.co/gqyKlxu5ir']"
2022:10:18,ChunnuKant,"‡§õ‡•ã‡§ü‡•á ‡§µ ‡§∏‡•Ä‡§Æ‡§æ‡§Ç‡§§ ‡§ï‡§ø‡§∏‡§æ‡§®‡•ã‡§Ç ‡§ï‡•á ‡§ï‡§≤‡•ç‡§Ø‡§æ‡§£ ‡§ï‡•á ‡§™‡•ç‡§∞‡§§‡§ø ‡§Ö‡§™‡§®‡•Ä ‡§™‡•ç‡§∞‡§§‡§ø‡§¨‡§¶‡•ç‡§ß‡§§‡§æ ‡§ï‡•ã ‡§®‡§ø‡§∞‡§Ç‡§§‡§∞ ‡§∞‡§ñ‡§§‡•á ‡§π‡•Å‡§è, ‡§¶‡•á‡§∂ ‡§ï‡•á ‡§ï‡§∞‡•ã‡§°‡§º‡•ã‡§Ç ‡§ï‡§ø‡§∏‡§æ‡§®‡•ã‡§Ç ‡§ï‡•ã #PMKisan ‡§ï‡•Ä 12‡§µ‡•Ä‡§Ç ‡§ï‡§ø‡§∏‡•ç‡§§ ‡§ú‡§æ‡§∞‡•Ä ‡§ï‡§∞‡§®‡•á ‡§π‡•á‡§§‡•Å PM Narendra Modi ‡§ú‡•Ä ‡§ï‡§æ ‡§Ü‡§≠‡§æ‡§∞‡•§ https://t.co/LzhxPKQu5R",02:07:48,"‡§õ‡•ã‡§ü‡•á ‡§µ ‡§∏‡•Ä‡§Æ‡§æ‡§Ç‡§§ ‡§ï‡§ø‡§∏‡§æ‡§®‡•ã‡§Ç ‡§ï‡•á ‡§ï‡§≤‡•ç‡§Ø‡§æ‡§£ ‡§ï‡•á ‡§™‡•ç‡§∞‡§§‡§ø ‡§Ö‡§™‡§®‡•Ä ‡§™‡•ç‡§∞‡§§‡§ø‡§¨‡§¶‡•ç‡§ß‡§§‡§æ ‡§ï‡•ã ‡§®‡§ø‡§∞‡§Ç‡§§‡§∞ ‡§∞‡§ñ‡§§‡•á ‡§π‡•Å‡§è, ‡§¶‡•á‡§∂ ‡§ï‡•á ‡§ï‡§∞‡•ã‡§°‡§º‡•ã‡§Ç ‡§ï‡§ø‡§∏‡§æ‡§®‡•ã‡§Ç ‡§ï‡•ã #pmkisan ‡§ï‡•Ä 12‡§µ‡•Ä‡§Ç ‡§ï‡§ø‡§∏‡•ç‡§§ ‡§ú‡§æ‡§∞‡•Ä ‡§ï‡§∞‡§®‡•á ‡§π‡•á‡§§‡•Å pm narendra modi ‡§ú‡•Ä ‡§ï‡§æ ‡§Ü‡§≠‡§æ‡§∞‡•§ ","['‡§õ‡•ã‡§ü‡•á', '‡§µ', '‡§∏‡•Ä‡§Æ‡§æ‡§Ç‡§§', '‡§ï‡§ø‡§∏‡§æ‡§®‡•ã‡§Ç', '‡§ï‡•á', '‡§ï‡§≤‡•ç‡§Ø‡§æ‡§£', '‡§ï‡•á', '‡§™‡•ç‡§∞‡§§‡§ø', '‡§Ö‡§™‡§®‡•Ä', '‡§™‡•ç‡§∞‡§§‡§ø‡§¨‡§¶‡•ç‡§ß‡§§‡§æ', '‡§ï‡•ã', '‡§®‡§ø‡§∞‡§Ç‡§§‡§∞', '‡§∞‡§ñ‡§§‡•á', '‡§π‡•Å‡§è,', '‡§¶‡•á‡§∂', '‡§ï‡•á', '‡§ï‡§∞‡•ã‡§°‡§º‡•ã‡§Ç', '‡§ï‡§ø‡§∏‡§æ‡§®‡•ã‡§Ç', '‡§ï‡•ã', '#PMKisan', '‡§ï‡•Ä', '12‡§µ‡•Ä‡§Ç', '‡§ï‡§ø‡§∏‡•ç‡§§', '‡§ú‡§æ‡§∞‡•Ä', '‡§ï‡§∞‡§®‡•á', '‡§π‡•á‡§§‡•Å', 'PM', 'Narendra', 'Modi', '‡§ú‡•Ä', '‡§ï‡§æ', '‡§Ü‡§≠‡§æ‡§∞‡•§', 'https://t.co/LzhxPKQu5R']"
2022:09:29,NEWSWORLD555,"PM Modi Speech Live: Surat ‡§Æ‡•á‡§Ç ‡§™‡•Ä‡§è‡§Æ ‡§Æ‡•ã‡§¶‡•Ä ‡§®‡•á ‡§ï‡§ø‡§Ø‡§æ ‡§¨‡§ø‡§≤ ‡§ó‡•á‡§ü‡•ç‡§∏ ‡§ï‡§æ ‡§ú‡§ø‡§ï‡•ç‡§∞?| Narendra Modi Gujarat Roadshow - Zee News

https://t.co/ZRMjhbwdWj

#NEWSINDIA https://t.co/Lu2hFjkm3f",13:55:31,pm modi speech live: surat ‡§Æ‡•á‡§Ç ‡§™‡•Ä‡§è‡§Æ ‡§Æ‡•ã‡§¶‡•Ä ‡§®‡•á ‡§ï‡§ø‡§Ø‡§æ ‡§¨‡§ø‡§≤ ‡§ó‡•á‡§ü‡•ç‡§∏ ‡§ï‡§æ ‡§ú‡§ø‡§ï‡•ç‡§∞?| narendra modi gujarat roadshow - zee news #newsindia ,"['PM', 'Modi', 'Speech', 'Live:', 'Surat', '‡§Æ‡•á‡§Ç', '‡§™‡•Ä‡§è‡§Æ', '‡§Æ‡•ã‡§¶‡•Ä', '‡§®‡•á', '‡§ï‡§ø‡§Ø‡§æ', '‡§¨‡§ø‡§≤', '‡§ó‡•á‡§ü‡•ç‡§∏', '‡§ï‡§æ', '‡§ú‡§ø‡§ï‡•ç‡§∞?|', 'Narendra', 'Modi', 'Gujarat', 'Roadshow', '-', 'Zee', 'News', 'https://t.co/ZRMjhbwdWj', '#NEWSINDIA', 'https://t.co/Lu2hFjkm3f']"
2022:06:29,aaprekhagoyal,"‡§¶‡§ø‡§≤‡•ç‡§≤‡•Ä ‡§∏‡§∞‡§ï‡§æ‡§∞ ‡§®‡•á ‡§á‡§≤‡•á‡§ï‡•ç‡§ü‡•ç‡§∞‡§ø‡§ï ‡§∏‡§æ‡§á‡§ï‡§ø‡§≤ ‡§™‡§∞ ‡§∏‡§¨‡•ç‡§∏‡§ø‡§°‡•Ä ‡§ï‡•á ‡§≤‡§ø‡§è ‡§™‡•ã‡§∞‡•ç‡§ü‡§≤ ‡§≤‡§æ‡§Ç‡§ö ‡§ï‡§ø‡§Ø‡§æ‡•§

Arvind Kejriwal  Advocate Kailash Gahlot  Dialogue &amp; Development Commission - DDC 

#Delhi #EV #E_Cycle #E_CargoCycle #ElectricVehicle #CleanEnergy #Delhigram https://t.co/ezc310yXJX",06:21:31,‡§¶‡§ø‡§≤‡•ç‡§≤‡•Ä ‡§∏‡§∞‡§ï‡§æ‡§∞ ‡§®‡•á ‡§á‡§≤‡•á‡§ï‡•ç‡§ü‡•ç‡§∞‡§ø‡§ï ‡§∏‡§æ‡§á‡§ï‡§ø‡§≤ ‡§™‡§∞ ‡§∏‡§¨‡•ç‡§∏‡§ø‡§°‡•Ä ‡§ï‡•á ‡§≤‡§ø‡§è ‡§™‡•ã‡§∞‡•ç‡§ü‡§≤ ‡§≤‡§æ‡§Ç‡§ö ‡§ï‡§ø‡§Ø‡§æ‡•§ arvind kejriwal advocate kailash gahlot dialogue &amp; development commission - ddc #delhi #ev #e_cycle #e_cargocycle #electricvehicle #cleanenergy #delhigram ,"['‡§¶‡§ø‡§≤‡•ç‡§≤‡•Ä', '‡§∏‡§∞‡§ï‡§æ‡§∞', '‡§®‡•á', '‡§á‡§≤‡•á‡§ï‡•ç‡§ü‡•ç‡§∞‡§ø‡§ï', '‡§∏‡§æ‡§á‡§ï‡§ø‡§≤', '‡§™‡§∞', '‡§∏‡§¨‡•ç‡§∏‡§ø‡§°‡•Ä', '‡§ï‡•á', '‡§≤‡§ø‡§è', '‡§™‡•ã‡§∞‡•ç‡§ü‡§≤', '‡§≤‡§æ‡§Ç‡§ö', '‡§ï‡§ø‡§Ø‡§æ‡•§', 'Arvind', 'Kejriwal', 'Advocate', 'Kailash', 'Gahlot', 'Dialogue', '&amp;', 'Development', 'Commission', '-', 'DDC', '#Delhi', '#EV', '#E_Cycle', '#E_CargoCycle', '#ElectricVehicle', '#CleanEnergy', '#Delhigram', 'https://t.co/ezc310yXJX']"
2022:10:06,ObaidKh51005615,"Watch ""‡§¨‡•Ä‡§ú‡•á‡§™‡•Ä ‡§µ‡§æ‡§≤‡•á ‡§°‡§∞ ‡§ó‡§è l Arvind Kejriwal status üòç‚ù§Ô∏è #shorts #kejriwalstatus #aamaadmiparty #election2022"" on YouTube https://t.co/Njlw5zKDrW",21:15:14,"watch ""‡§¨‡•Ä‡§ú‡•á‡§™‡•Ä ‡§µ‡§æ‡§≤‡•á ‡§°‡§∞ ‡§ó‡§è arvind kejriwal status üòç‚ù§Ô∏è #shorts #kejriwalstatus #aamaadmiparty #election2022"" on youtube ","['Watch', '""‡§¨‡•Ä‡§ú‡•á‡§™‡•Ä', '‡§µ‡§æ‡§≤‡•á', '‡§°‡§∞', '‡§ó‡§è', 'l', 'Arvind', 'Kejriwal', 'status', 'üòç‚ù§Ô∏è', '#shorts', '#kejriwalstatus', '#aamaadmiparty', '#election2022""', 'on', 'YouTube', 'https://t.co/Njlw5zKDrW']"
2022:09:17,ravirathorbjp,"‡§Ü‡§ú ‡§Ö‡§™‡§®‡•Ä ‡§µ‡§ø‡§ß‡§æ‡§®‡§∏‡§≠‡§æ ‡§¨‡§ø‡§≤‡§æ‡§∏‡§™‡•Å‡§∞ ‡§Æ‡•á‡§Ç ‡§¶‡•á‡§∂ ‡§ï‡•á ‡§Ø‡§∂‡§∏‡•ç‡§µ‡•Ä ‡§™‡•ç‡§∞‡§ß‡§æ‡§®‡§Æ‡§Ç‡§§‡•ç‡§∞‡•Ä ‡§∂‡•ç‡§∞‡•Ä Narendra Modi ‡§ú‡•Ä ‡§ï‡•á ‡§ú‡§®‡•ç‡§Æ‡§¶‡§ø‡§® ‡§ï‡•á ‡§Ö‡§µ‡§∏‡§∞ ‡§™‡§∞ ‡§Æ‡§æ‡§®‡§®‡•Ä‡§Ø ‡§Æ‡§Ç‡§§‡•ç‡§∞‡•Ä ‡§ú‡•Ä ‡§ï‡•á ‡§∏‡§æ‡§• ‡§Ö‡§Ø‡•ã‡§ú‡§ø‡§§ ‡§™‡•ç‡§∞‡§¶‡§∞‡•ç‡§∂‡§®‡•Ä ‡§ï‡•ã ‡§¶‡•á‡§ñ‡§®‡•á ‡§ï‡§æ ‡§Ö‡§µ‡§∏‡§∞ ‡§™‡•ç‡§∞‡§æ‡§™‡•ç‡§§  ‡§π‡•Å‡§Ü 
#narendramodi_primeminister 
#YogiAdityanathji 
#BhupendraSinghji
#baldevsinghaulakhji
#ravirathour https://t.co/srsBPRaZ6a",15:44:00,‡§Ü‡§ú ‡§Ö‡§™‡§®‡•Ä ‡§µ‡§ø‡§ß‡§æ‡§®‡§∏‡§≠‡§æ ‡§¨‡§ø‡§≤‡§æ‡§∏‡§™‡•Å‡§∞ ‡§Æ‡•á‡§Ç ‡§¶‡•á‡§∂ ‡§ï‡•á ‡§Ø‡§∂‡§∏‡•ç‡§µ‡•Ä ‡§™‡•ç‡§∞‡§ß‡§æ‡§®‡§Æ‡§Ç‡§§‡•ç‡§∞‡•Ä ‡§∂‡•ç‡§∞‡•Ä narendra modi ‡§ú‡•Ä ‡§ï‡•á ‡§ú‡§®‡•ç‡§Æ‡§¶‡§ø‡§® ‡§ï‡•á ‡§Ö‡§µ‡§∏‡§∞ ‡§™‡§∞ ‡§Æ‡§æ‡§®‡§®‡•Ä‡§Ø ‡§Æ‡§Ç‡§§‡•ç‡§∞‡•Ä ‡§ú‡•Ä ‡§ï‡•á ‡§∏‡§æ‡§• ‡§Ö‡§Ø‡•ã‡§ú‡§ø‡§§ ‡§™‡•ç‡§∞‡§¶‡§∞‡•ç‡§∂‡§®‡•Ä ‡§ï‡•ã ‡§¶‡•á‡§ñ‡§®‡•á ‡§ï‡§æ ‡§Ö‡§µ‡§∏‡§∞ ‡§™‡•ç‡§∞‡§æ‡§™‡•ç‡§§ ‡§π‡•Å‡§Ü #narendramodi_primeminister #yogiadityanathji #bhupendrasinghji #baldevsinghaulakhji #ravirathour ,"['‡§Ü‡§ú', '‡§Ö‡§™‡§®‡•Ä', '‡§µ‡§ø‡§ß‡§æ‡§®‡§∏‡§≠‡§æ', '‡§¨‡§ø‡§≤‡§æ‡§∏‡§™‡•Å‡§∞', '‡§Æ‡•á‡§Ç', '‡§¶‡•á‡§∂', '‡§ï‡•á', '‡§Ø‡§∂‡§∏‡•ç‡§µ‡•Ä', '‡§™‡•ç‡§∞‡§ß‡§æ‡§®‡§Æ‡§Ç‡§§‡•ç‡§∞‡•Ä', '‡§∂‡•ç‡§∞‡•Ä', 'Narendra', 'Modi', '‡§ú‡•Ä', '‡§ï‡•á', '‡§ú‡§®‡•ç‡§Æ‡§¶‡§ø‡§®', '‡§ï‡•á', '‡§Ö‡§µ‡§∏‡§∞', '‡§™‡§∞', '‡§Æ‡§æ‡§®‡§®‡•Ä‡§Ø', '‡§Æ‡§Ç‡§§‡•ç‡§∞‡•Ä', '‡§ú‡•Ä', '‡§ï‡•á', '‡§∏‡§æ‡§•', '‡§Ö‡§Ø‡•ã‡§ú‡§ø‡§§', '‡§™‡•ç‡§∞‡§¶‡§∞‡•ç‡§∂‡§®‡•Ä', '‡§ï‡•ã', '‡§¶‡•á‡§ñ‡§®‡•á', '‡§ï‡§æ', '‡§Ö‡§µ‡§∏‡§∞', '‡§™‡•ç‡§∞‡§æ‡§™‡•ç‡§§', '‡§π‡•Å‡§Ü', '#narendramodi_primeminister', '#YogiAdityanathji', '#BhupendraSinghji', '#baldevsinghaulakhji', '#ravirathour', 'https://t.co/srsBPRaZ6a']"
2022:10:09,Mohdrafibjp2,"#‡§ï‡•Å‡§Ç‡§¶‡§∞‡§ï‡•Ä 
#‡§ú‡§∂‡•ç‡§®‡•á_‡§à‡§¶_‡§Æ‡§ø‡§≤‡§æ‡§¶‡•Å‡§®‡•ç‡§®‡§¨‡•Ä ‡§ï‡•á ‡§Æ‡•Å‡§¨‡§æ‡§∞‡§ï‡§º ‡§Æ‡•å‡§ï‡•á ‡§™‡§∞ ‡§Ü‡§Ø‡•ã‡§ú‡§ø‡§§ ‡§ú‡•Å‡§≤‡•Ç‡§∏ ‡§Æ‡•á‡§Ç ‡§∂‡§ø‡§∞‡§ï‡§§ ‡§ï‡•Ä ‡•§

Narendra Modi  MYogiAdityanath J.P.Nadda Bhupendra Singh BJP Uttar Pradesh Government of UP Chief Minister Office Uttar Pradesh Bharatiya Janata Party (BJP) BJP https://t.co/rvVNtEiCWK",13:23:00,#‡§ï‡•Å‡§Ç‡§¶‡§∞‡§ï‡•Ä #‡§ú‡§∂‡•ç‡§®‡•á_‡§à‡§¶_‡§Æ‡§ø‡§≤‡§æ‡§¶‡•Å‡§®‡•ç‡§®‡§¨‡•Ä ‡§ï‡•á ‡§Æ‡•Å‡§¨‡§æ‡§∞‡§ï‡§º ‡§Æ‡•å‡§ï‡•á ‡§™‡§∞ ‡§Ü‡§Ø‡•ã‡§ú‡§ø‡§§ ‡§ú‡•Å‡§≤‡•Ç‡§∏ ‡§Æ‡•á‡§Ç ‡§∂‡§ø‡§∞‡§ï‡§§ ‡§ï‡•Ä ‡•§ narendra modi myogiadityanath j.p.nadda bhupendra singh bjp uttar pradesh government of up chief minister office uttar pradesh bharatiya janata party (bjp) bjp ,"['#‡§ï‡•Å‡§Ç‡§¶‡§∞‡§ï‡•Ä', '#‡§ú‡§∂‡•ç‡§®‡•á_‡§à‡§¶_‡§Æ‡§ø‡§≤‡§æ‡§¶‡•Å‡§®‡•ç‡§®‡§¨‡•Ä', '‡§ï‡•á', '‡§Æ‡•Å‡§¨‡§æ‡§∞‡§ï‡§º', '‡§Æ‡•å‡§ï‡•á', '‡§™‡§∞', '‡§Ü‡§Ø‡•ã‡§ú‡§ø‡§§', '‡§ú‡•Å‡§≤‡•Ç‡§∏', '‡§Æ‡•á‡§Ç', '‡§∂‡§ø‡§∞‡§ï‡§§', '‡§ï‡•Ä', '‡•§', 'Narendra', 'Modi', 'MYogiAdityanath', 'J.P.Nadda', 'Bhupendra', 'Singh', 'BJP', 'Uttar', 'Pradesh', 'Government', 'of', 'UP', 'Chief', 'Minister', 'Office', 'Uttar', 'Pradesh', 'Bharatiya', 'Janata', 'Party', '(BJP)', 'BJP', 'https://t.co/rvVNtEiCWK']"
2022:09:17,RajuBhaiGujrat1,"In India, the ModiGovernment failed to provide dignified jobs to the youth of the state. Now youth of India is raising their voices and the echo of their voices will hit the throne of Narendra Modi !! #‡§∞‡§æ‡§∑‡•ç‡§ü‡•ç‡§∞‡•Ä‡§Ø_‡§¨‡•á‡§∞‡•ã‡§ú‡§ó‡§æ‡§∞_‡§¶‡§ø‡§µ‡§∏ @HansrajMeena",01:43:55,"in india, the modigovernment failed to provide dignified jobs to the youth of the state. now youth of india is raising their voices and the echo of their voices will hit the throne of narendra modi !! #‡§∞‡§æ‡§∑‡•ç‡§ü‡•ç‡§∞‡•Ä‡§Ø_‡§¨‡•á‡§∞‡•ã‡§ú‡§ó‡§æ‡§∞_‡§¶‡§ø‡§µ‡§∏ ","['In', 'India,', 'the', 'ModiGovernment', 'failed', 'to', 'provide', 'dignified', 'jobs', 'to', 'the', 'youth', 'of', 'the', 'state.', 'Now', 'youth', 'of', 'India', 'is', 'raising', 'their', 'voices', 'and', 'the', 'echo', 'of', 'their', 'voices', 'will', 'hit', 'the', 'throne', 'of', 'Narendra', 'Modi', '!!', '#‡§∞‡§æ‡§∑‡•ç‡§ü‡•ç‡§∞‡•Ä‡§Ø_‡§¨‡•á‡§∞‡•ã‡§ú‡§ó‡§æ‡§∞_‡§¶‡§ø‡§µ‡§∏', '@HansrajMeena']"
2022:10:17,Viral_ap,"@DalitCongressUP Baat to sahi hai aapki , kaha Rahul Gandhi kaha PM Narendra Modi  , ‡§è‡§ï ‡§®‡•á‡§§‡§æ ‡§ï‡•Ä ‡§¨‡§æ‡§§‡•á ‡§∏‡•Å‡§® ‡§ï‡§∞ ‡§∂‡•ç‡§∞‡•ã‡§§‡§æ ‡§µ‡§ø‡§ö‡§æ‡§∞ ‡§ï‡§∞‡§§‡•á ‡§π‡•à ‡§è‡§ï ‡§®‡•á‡§§‡§æ ‡§ï‡•Ä ‡§¨‡§æ‡§§ ‡§∏‡•Å‡§®‡§ï‡§∞ ‡§∂‡•ç‡§∞‡•ã‡§§‡§æ ‡§™‡§æ‡§ó‡§≤ ‡§π‡•ã ‡§ú‡§æ‡§§‡•á ‡§π‡•à‡§Ç ‡§ú‡•à‡§∏‡•á ‡§Ü‡§ü‡§æ ‡§≤‡•Ä‡§ü‡§∞ ‡§Æ‡•á‡§Ç , ‡§Ü‡§≤‡•Ç ‡§∏‡•á ‡§∏‡•ã‡§®‡§æ ‡§ú‡•à‡§∏‡•á ‡§Ö‡§®‡•á‡§ï ‡§Æ‡§π‡§æ‡§® ‡§∏‡§Ç‡§≠‡§æ‡§∑‡§£ ‡§â‡§¶‡§æ‡§π‡§∞‡§£ ‡§π‡•à‡§Ç",04:23:40," baat to sahi hai aapki , kaha rahul gandhi kaha pm narendra modi , ‡§è‡§ï ‡§®‡•á‡§§‡§æ ‡§ï‡•Ä ‡§¨‡§æ‡§§‡•á ‡§∏‡•Å‡§® ‡§ï‡§∞ ‡§∂‡•ç‡§∞‡•ã‡§§‡§æ ‡§µ‡§ø‡§ö‡§æ‡§∞ ‡§ï‡§∞‡§§‡•á ‡§π‡•à ‡§è‡§ï ‡§®‡•á‡§§‡§æ ‡§ï‡•Ä ‡§¨‡§æ‡§§ ‡§∏‡•Å‡§®‡§ï‡§∞ ‡§∂‡•ç‡§∞‡•ã‡§§‡§æ ‡§™‡§æ‡§ó‡§≤ ‡§π‡•ã ‡§ú‡§æ‡§§‡•á ‡§π‡•à‡§Ç ‡§ú‡•à‡§∏‡•á ‡§Ü‡§ü‡§æ ‡§≤‡•Ä‡§ü‡§∞ ‡§Æ‡•á‡§Ç , ‡§Ü‡§≤‡•Ç ‡§∏‡•á ‡§∏‡•ã‡§®‡§æ ‡§ú‡•à‡§∏‡•á ‡§Ö‡§®‡•á‡§ï ‡§Æ‡§π‡§æ‡§® ‡§∏‡§Ç‡§≠‡§æ‡§∑‡§£ ‡§â‡§¶‡§æ‡§π‡§∞‡§£ ‡§π‡•à‡§Ç","['@DalitCongressUP', 'Baat', 'to', 'sahi', 'hai', 'aapki', ',', 'kaha', 'Rahul', 'Gandhi', 'kaha', 'PM', 'Narendra', 'Modi', ',', '‡§è‡§ï', '‡§®‡•á‡§§‡§æ', '‡§ï‡•Ä', '‡§¨‡§æ‡§§‡•á', '‡§∏‡•Å‡§®', '‡§ï‡§∞', '‡§∂‡•ç‡§∞‡•ã‡§§‡§æ', '‡§µ‡§ø‡§ö‡§æ‡§∞', '‡§ï‡§∞‡§§‡•á', '‡§π‡•à', '‡§è‡§ï', '‡§®‡•á‡§§‡§æ', '‡§ï‡•Ä', '‡§¨‡§æ‡§§', '‡§∏‡•Å‡§®‡§ï‡§∞', '‡§∂‡•ç‡§∞‡•ã‡§§‡§æ', '‡§™‡§æ‡§ó‡§≤', '‡§π‡•ã', '‡§ú‡§æ‡§§‡•á', '‡§π‡•à‡§Ç', '‡§ú‡•à‡§∏‡•á', '‡§Ü‡§ü‡§æ', '‡§≤‡•Ä‡§ü‡§∞', '‡§Æ‡•á‡§Ç', ',', '‡§Ü‡§≤‡•Ç', '‡§∏‡•á', '‡§∏‡•ã‡§®‡§æ', '‡§ú‡•à‡§∏‡•á', '‡§Ö‡§®‡•á‡§ï', '‡§Æ‡§π‡§æ‡§®', '‡§∏‡§Ç‡§≠‡§æ‡§∑‡§£', '‡§â‡§¶‡§æ‡§π‡§∞‡§£', '‡§π‡•à‡§Ç']"
2022:07:21,Hemlata_11E,"‡§¶‡§ø‡§≤‡•ç‡§≤‡•Ä ‡§™‡§Ç‡§ú‡§æ‡§¨ ‡§ï‡•Ä ‡§ú‡§®‡§§‡§æ ‡§ï‡•ã ‡§Æ‡•Å‡§´‡•ç‡§§ ‡§¨‡§ø‡§ú‡§≤‡•Ä ‡§¶‡•á‡§®‡•á ‡§ï‡•á ‡§¨‡§æ‡§¶ ‡§Ö‡§¨

‡§ó‡•Å‡§ú‡§∞‡§æ‡§§ ‡§ï‡•Ä ‡§ú‡§®‡§§‡§æ ‡§ï‡•á ‡§ò‡§∞‡•ã‡§Ç ‡§ï‡•ã ‡§∞‡•ã‡§∂‡§® ‡§ï‡§∞‡§®‡•á ‡§ï‡•á ‡§≤‡§ø‡§è Arvind Kejriwal  ‡§ú‡•Ä ‡§ï‡•Ä ‡§™‡§π‡§≤‡•Ä ‡§ó‡§æ‡§∞‡§Ç‡§ü‡•Ä!üí°
‡§ó‡•Å‡§ú‡§∞‡§æ‡§§ ‡§Æ‡•á‡§Ç CM ‡§ï‡•á‡§ú‡§∞‡•Ä‡§µ‡§æ‡§≤ ‡§ï‡§æ ‡§¨‡§°‡§º‡§æ ‡§ê‡§≤‡§æ‡§®- AAP ‡§ï‡•Ä ‡§∏‡§∞‡§ï‡§æ‡§∞ ‡§¨‡§®‡§®‡•á ‡§™‡§∞ ‡§¶‡•á‡§Ç‡§ó‡•á 300 ‡§Ø‡•Ç‡§®‡§ø‡§ü ‡§´‡•ç‡§∞‡•Ä ‡§¨‡§ø‡§ú‡§≤‡•Ä‡•§ @ArvindKejriwal 
@msisodia 
@ipathak25 
@AtishiAAP https://t.co/LY1AVNb1OI",13:50:14,‡§¶‡§ø‡§≤‡•ç‡§≤‡•Ä ‡§™‡§Ç‡§ú‡§æ‡§¨ ‡§ï‡•Ä ‡§ú‡§®‡§§‡§æ ‡§ï‡•ã ‡§Æ‡•Å‡§´‡•ç‡§§ ‡§¨‡§ø‡§ú‡§≤‡•Ä ‡§¶‡•á‡§®‡•á ‡§ï‡•á ‡§¨‡§æ‡§¶ ‡§Ö‡§¨ ‡§ó‡•Å‡§ú‡§∞‡§æ‡§§ ‡§ï‡•Ä ‡§ú‡§®‡§§‡§æ ‡§ï‡•á ‡§ò‡§∞‡•ã‡§Ç ‡§ï‡•ã ‡§∞‡•ã‡§∂‡§® ‡§ï‡§∞‡§®‡•á ‡§ï‡•á ‡§≤‡§ø‡§è arvind kejriwal ‡§ú‡•Ä ‡§ï‡•Ä ‡§™‡§π‡§≤‡•Ä ‡§ó‡§æ‡§∞‡§Ç‡§ü‡•Ä!üí° ‡§ó‡•Å‡§ú‡§∞‡§æ‡§§ ‡§Æ‡•á‡§Ç cm ‡§ï‡•á‡§ú‡§∞‡•Ä‡§µ‡§æ‡§≤ ‡§ï‡§æ ‡§¨‡§°‡§º‡§æ ‡§ê‡§≤‡§æ‡§®- aap ‡§ï‡•Ä ‡§∏‡§∞‡§ï‡§æ‡§∞ ‡§¨‡§®‡§®‡•á ‡§™‡§∞ ‡§¶‡•á‡§Ç‡§ó‡•á 300 ‡§Ø‡•Ç‡§®‡§ø‡§ü ‡§´‡•ç‡§∞‡•Ä ‡§¨‡§ø‡§ú‡§≤‡•Ä‡•§ ,"['‡§¶‡§ø‡§≤‡•ç‡§≤‡•Ä', '‡§™‡§Ç‡§ú‡§æ‡§¨', '‡§ï‡•Ä', '‡§ú‡§®‡§§‡§æ', '‡§ï‡•ã', '‡§Æ‡•Å‡§´‡•ç‡§§', '‡§¨‡§ø‡§ú‡§≤‡•Ä', '‡§¶‡•á‡§®‡•á', '‡§ï‡•á', '‡§¨‡§æ‡§¶', '‡§Ö‡§¨', '‡§ó‡•Å‡§ú‡§∞‡§æ‡§§', '‡§ï‡•Ä', '‡§ú‡§®‡§§‡§æ', '‡§ï‡•á', '‡§ò‡§∞‡•ã‡§Ç', '‡§ï‡•ã', '‡§∞‡•ã‡§∂‡§®', '‡§ï‡§∞‡§®‡•á', '‡§ï‡•á', '‡§≤‡§ø‡§è', 'Arvind', 'Kejriwal', '‡§ú‡•Ä', '‡§ï‡•Ä', '‡§™‡§π‡§≤‡•Ä', '‡§ó‡§æ‡§∞‡§Ç‡§ü‡•Ä!üí°', '‡§ó‡•Å‡§ú‡§∞‡§æ‡§§', '‡§Æ‡•á‡§Ç', 'CM', '‡§ï‡•á‡§ú‡§∞‡•Ä‡§µ‡§æ‡§≤', '‡§ï‡§æ', '‡§¨‡§°‡§º‡§æ', '‡§ê‡§≤‡§æ‡§®-', 'AAP', '‡§ï‡•Ä', '‡§∏‡§∞‡§ï‡§æ‡§∞', '‡§¨‡§®‡§®‡•á', '‡§™‡§∞', '‡§¶‡•á‡§Ç‡§ó‡•á', '300', '‡§Ø‡•Ç‡§®‡§ø‡§ü', '‡§´‡•ç‡§∞‡•Ä', '‡§¨‡§ø‡§ú‡§≤‡•Ä‡•§', '@ArvindKejriwal', '@msisodia', '@ipathak25', '@AtishiAAP', 'https://t.co/LY1AVNb1OI']"
2022:09:26,RAKESHBJYM80,"‡§∏‡•á‡§µ‡§æ ‡§™‡§ñ‡§µ‡§æ‡§°‡§æ
Narendra Modi 
BJP Jharkhand 
Babulal Marandi 
Raghubar Das i 
Laxmikant Bajpai 
Karmveer Singh 
Asha Lakra 
Kkgupta Bjp https://t.co/cfdaXIEjFY",01:15:11,‡§∏‡•á‡§µ‡§æ ‡§™‡§ñ‡§µ‡§æ‡§°‡§æ narendra modi bjp jharkhand babulal marandi raghubar das laxmikant bajpai karmveer singh asha lakra kkgupta bjp ,"['‡§∏‡•á‡§µ‡§æ', '‡§™‡§ñ‡§µ‡§æ‡§°‡§æ', 'Narendra', 'Modi', 'BJP', 'Jharkhand', 'Babulal', 'Marandi', 'Raghubar', 'Das', 'i', 'Laxmikant', 'Bajpai', 'Karmveer', 'Singh', 'Asha', 'Lakra', 'Kkgupta', 'Bjp', 'https://t.co/cfdaXIEjFY']"
2022:10:17,TV9Punjab,"Gujarat ‡§ï‡•á Unjha ‡§∏‡•á CM Arvind Kejriwal ‡§î‡§∞ CM Bhagwant Mann ‡§ï‡•Ä ‡§ú‡§®‡§∏‡§≠‡§æ LIVE | TV9PunjabLIVE

@ArvindKejriwal  @BhagwantMann  #gujratelection2022

Watch At: https://t.co/pRMkhs3qxe https://t.co/MKXecbAym2",08:37:38,gujarat ‡§ï‡•á unjha ‡§∏‡•á cm arvind kejriwal ‡§î‡§∞ cm bhagwant mann ‡§ï‡•Ä ‡§ú‡§®‡§∏‡§≠‡§æ live | tv9punjablive #gujratelection2022 watch at: ,"['Gujarat', '‡§ï‡•á', 'Unjha', '‡§∏‡•á', 'CM', 'Arvind', 'Kejriwal', '‡§î‡§∞', 'CM', 'Bhagwant', 'Mann', '‡§ï‡•Ä', '‡§ú‡§®‡§∏‡§≠‡§æ', 'LIVE', '|', 'TV9PunjabLIVE', '@ArvindKejriwal', '@BhagwantMann', '#gujratelection2022', 'Watch', 'At:', 'https://t.co/pRMkhs3qxe', 'https://t.co/MKXecbAym2']"
2022:10:08,ErBrijMohangkp,"‡§Æ‡§æ‡§®‡§®‡§®‡•Ä‡§Ø ‡§™‡•ç‡§∞‡§ß‡§æ‡§®‡§Æ‡§Ç‡§§‡•ç‡§∞‡•Ä ‡§∂‡•ç‡§∞‡•Ä Narendra Modi  ‡§ú‡•Ä ‡§ï‡•á ‡§®‡•á‡§§‡•É‡§§‡•ç‡§µ ‡§Æ‡•á‡§Ç #NewIndia ‡§ï‡§æ ‡§π‡•ã ‡§∞‡§π‡§æ ‡§®‡§ø‡§∞‡•ç‡§Æ‡§æ‡§£,‡§°‡§¨‡§≤ ‡§á‡§Ç‡§ú‡§® ‡§ï‡•Ä @BJP4India ‡§∏‡§∞‡§ï‡§æ‡§∞ ‡§™‡•ç‡§∞‡§¶‡•á‡§∂ ‡§ï‡•á ‡§™‡•ã‡§ñ‡§∞‡•ã‡§Ç ‡§ï‡•ã ‡§Ö‡§Æ‡•É‡§§ ‡§∏‡§∞‡•ã‡§µ‡§∞ ‡§ï‡§æ ‡§∞‡•Ç‡§™ ‡§¶‡•á ‡§¶‡§ø‡§≤‡§æ ‡§∞‡§π‡•Ä ‡§®‡§à ‡§™‡§π‡§ö‡§æ‡§®, ‡§Ö‡§Æ‡•É‡§§ ‡§∏‡§∞‡•ã‡§µ‡§∞ ‡§®‡§ø‡§∞‡•ç‡§Æ‡§æ‡§£ ‡§Æ‡§π‡§æ‡§≠‡§ø‡§Ø‡§æ‡§® ‡§Æ‡•á‡§Ç ‡§∏‡§∞‡•ç‡§µ‡§æ‡§ß‡§ø‡§ï ‡§∏‡§∞‡•ã‡§µ‡§∞‡•ã‡§Ç ‡§ï‡§æ ‡§®‡§ø‡§∞‡•ç‡§Æ‡§æ‡§£ ‡§ï‡§∞ UP ‡§¨‡§®‡§æ ‡§®‡§Ç‡§¨‡§∞ 1 
#GoodGovernance 
BJP UP https://t.co/Y4uGg6xDFN",16:55:23,"‡§Æ‡§æ‡§®‡§®‡§®‡•Ä‡§Ø ‡§™‡•ç‡§∞‡§ß‡§æ‡§®‡§Æ‡§Ç‡§§‡•ç‡§∞‡•Ä ‡§∂‡•ç‡§∞‡•Ä narendra modi ‡§ú‡•Ä ‡§ï‡•á ‡§®‡•á‡§§‡•É‡§§‡•ç‡§µ ‡§Æ‡•á‡§Ç #newindia ‡§ï‡§æ ‡§π‡•ã ‡§∞‡§π‡§æ ‡§®‡§ø‡§∞‡•ç‡§Æ‡§æ‡§£,‡§°‡§¨‡§≤ ‡§á‡§Ç‡§ú‡§® ‡§ï‡•Ä ‡§∏‡§∞‡§ï‡§æ‡§∞ ‡§™‡•ç‡§∞‡§¶‡•á‡§∂ ‡§ï‡•á ‡§™‡•ã‡§ñ‡§∞‡•ã‡§Ç ‡§ï‡•ã ‡§Ö‡§Æ‡•É‡§§ ‡§∏‡§∞‡•ã‡§µ‡§∞ ‡§ï‡§æ ‡§∞‡•Ç‡§™ ‡§¶‡•á ‡§¶‡§ø‡§≤‡§æ ‡§∞‡§π‡•Ä ‡§®‡§à ‡§™‡§π‡§ö‡§æ‡§®, ‡§Ö‡§Æ‡•É‡§§ ‡§∏‡§∞‡•ã‡§µ‡§∞ ‡§®‡§ø‡§∞‡•ç‡§Æ‡§æ‡§£ ‡§Æ‡§π‡§æ‡§≠‡§ø‡§Ø‡§æ‡§® ‡§Æ‡•á‡§Ç ‡§∏‡§∞‡•ç‡§µ‡§æ‡§ß‡§ø‡§ï ‡§∏‡§∞‡•ã‡§µ‡§∞‡•ã‡§Ç ‡§ï‡§æ ‡§®‡§ø‡§∞‡•ç‡§Æ‡§æ‡§£ ‡§ï‡§∞ up ‡§¨‡§®‡§æ ‡§®‡§Ç‡§¨‡§∞ 1 #goodgovernance bjp up ","['‡§Æ‡§æ‡§®‡§®‡§®‡•Ä‡§Ø', '‡§™‡•ç‡§∞‡§ß‡§æ‡§®‡§Æ‡§Ç‡§§‡•ç‡§∞‡•Ä', '‡§∂‡•ç‡§∞‡•Ä', 'Narendra', 'Modi', '‡§ú‡•Ä', '‡§ï‡•á', '‡§®‡•á‡§§‡•É‡§§‡•ç‡§µ', '‡§Æ‡•á‡§Ç', '#NewIndia', '‡§ï‡§æ', '‡§π‡•ã', '‡§∞‡§π‡§æ', '‡§®‡§ø‡§∞‡•ç‡§Æ‡§æ‡§£,‡§°‡§¨‡§≤', '‡§á‡§Ç‡§ú‡§®', '‡§ï‡•Ä', '@BJP4India', '‡§∏‡§∞‡§ï‡§æ‡§∞', '‡§™‡•ç‡§∞‡§¶‡•á‡§∂', '‡§ï‡•á', '‡§™‡•ã‡§ñ‡§∞‡•ã‡§Ç', '‡§ï‡•ã', '‡§Ö‡§Æ‡•É‡§§', '‡§∏‡§∞‡•ã‡§µ‡§∞', '‡§ï‡§æ', '‡§∞‡•Ç‡§™', '‡§¶‡•á', '‡§¶‡§ø‡§≤‡§æ', '‡§∞‡§π‡•Ä', '‡§®‡§à', '‡§™‡§π‡§ö‡§æ‡§®,', '‡§Ö‡§Æ‡•É‡§§', '‡§∏‡§∞‡•ã‡§µ‡§∞', '‡§®‡§ø‡§∞‡•ç‡§Æ‡§æ‡§£', '‡§Æ‡§π‡§æ‡§≠‡§ø‡§Ø‡§æ‡§®', '‡§Æ‡•á‡§Ç', '‡§∏‡§∞‡•ç‡§µ‡§æ‡§ß‡§ø‡§ï', '‡§∏‡§∞‡•ã‡§µ‡§∞‡•ã‡§Ç', '‡§ï‡§æ', '‡§®‡§ø‡§∞‡•ç‡§Æ‡§æ‡§£', '‡§ï‡§∞', 'UP', '‡§¨‡§®‡§æ', '‡§®‡§Ç‡§¨‡§∞', '1', '#GoodGovernance', 'BJP', 'UP', 'https://t.co/Y4uGg6xDFN']"
2022:09:25,BansalNewsMPCG,"‡§Æ‡§® ‡§ï‡•Ä ‡§¨‡§æ‡§§ LIVE - PM Narendra Modi | Mann Ki Baat | 25th September 2022

#MannKiBaat #PrimeMinister #NarendraModi  https://t.co/y7UykTIbDb",05:30:12,‡§Æ‡§® ‡§ï‡•Ä ‡§¨‡§æ‡§§ live - pm narendra modi | mann ki baat | 25th september 2022 #mannkibaat #primeminister #narendramodi ,"['‡§Æ‡§®', '‡§ï‡•Ä', '‡§¨‡§æ‡§§', 'LIVE', '-', 'PM', 'Narendra', 'Modi', '|', 'Mann', 'Ki', 'Baat', '|', '25th', 'September', '2022', '#MannKiBaat', '#PrimeMinister', '#NarendraModi', 'https://t.co/y7UykTIbDb']"
2022:07:31,ankitsh68,"Failure of @AamAadmiParty government law and order  in punjab.. use the tag line arvind kejriwal delhi ‡§Æ‡•á‡§Ç ‡§ï‡§π‡§§‡•á ‡§π‡•à ‡§™‡•Å‡§≤‡§ø‡§∏ ‡§Æ‡•á‡§∞‡•á ‡§π‡§æ‡§• ‡§Æ‡•á‡§Ç ‡§®‡§π‡•Ä‡§Ç ‡§π‡•à,  punjab mein police inke haath mein hai.. haal dhek lo
@LambaAlka @DelhiPYC @RannvijayLochav https://t.co/2wLvnoNyeP",07:46:46,"failure of government law and order in punjab.. use the tag line arvind kejriwal delhi ‡§Æ‡•á‡§Ç ‡§ï‡§π‡§§‡•á ‡§π‡•à ‡§™‡•Å‡§≤‡§ø‡§∏ ‡§Æ‡•á‡§∞‡•á ‡§π‡§æ‡§• ‡§Æ‡•á‡§Ç ‡§®‡§π‡•Ä‡§Ç ‡§π‡•à, punjab mein police inke haath mein hai.. haal dhek lo ","['Failure', 'of', '@AamAadmiParty', 'government', 'law', 'and', 'order', 'in', 'punjab..', 'use', 'the', 'tag', 'line', 'arvind', 'kejriwal', 'delhi', '‡§Æ‡•á‡§Ç', '‡§ï‡§π‡§§‡•á', '‡§π‡•à', '‡§™‡•Å‡§≤‡§ø‡§∏', '‡§Æ‡•á‡§∞‡•á', '‡§π‡§æ‡§•', '‡§Æ‡•á‡§Ç', '‡§®‡§π‡•Ä‡§Ç', '‡§π‡•à,', 'punjab', 'mein', 'police', 'inke', 'haath', 'mein', 'hai..', 'haal', 'dhek', 'lo', '@LambaAlka', '@DelhiPYC', '@RannvijayLochav', 'https://t.co/2wLvnoNyeP']"
2022:08:28,nilkant1845,"AAP ‡§ï‡•á ‡§™‡•Ç‡§∞‡•ç‡§µ ‡§®‡•á‡§§‡§æ ‡§®‡•á Arvind Kejriwal ‡§™‡§∞ ‡§≤‡§ó‡§æ‡§è ‡§¨‡§°‡§º‡•á ‡§Ü‡§∞‡•ã‡§™, 2013 ‡§ï‡•Ä ‡§è‡§ï ‡§ò‡§ü‡§®‡§æ ... https://t.co/H8a2WvoDSV via @YouTube",08:35:19,"aap ‡§ï‡•á ‡§™‡•Ç‡§∞‡•ç‡§µ ‡§®‡•á‡§§‡§æ ‡§®‡•á arvind kejriwal ‡§™‡§∞ ‡§≤‡§ó‡§æ‡§è ‡§¨‡§°‡§º‡•á ‡§Ü‡§∞‡•ã‡§™, 2013 ‡§ï‡•Ä ‡§è‡§ï ‡§ò‡§ü‡§®‡§æ ... via ","['AAP', '‡§ï‡•á', '‡§™‡•Ç‡§∞‡•ç‡§µ', '‡§®‡•á‡§§‡§æ', '‡§®‡•á', 'Arvind', 'Kejriwal', '‡§™‡§∞', '‡§≤‡§ó‡§æ‡§è', '‡§¨‡§°‡§º‡•á', '‡§Ü‡§∞‡•ã‡§™,', '2013', '‡§ï‡•Ä', '‡§è‡§ï', '‡§ò‡§ü‡§®‡§æ', '...', 'https://t.co/H8a2WvoDSV', 'via', '@YouTube']"
2022:09:17,Anmolsebi,"Bhara Madhya Pradesh Abhiyan is a commendable initiative. Let us tell you that on the birthday of Prime Minister Narendra Modi on September 17, #‡§π‡§∞‡§æ_‡§≠‡§∞‡§æ_‡§Æ‡§ß‡•ç‡§Ø‡§™‡•ç‡§∞‡§¶‡•á‡§∂ https://t.co/bNXpOiyaFN",10:20:00,"bhara madhya pradesh abhiyan is commendable initiative. let us tell you that on the birthday of prime minister narendra modi on september 17, #‡§π‡§∞‡§æ_‡§≠‡§∞‡§æ_‡§Æ‡§ß‡•ç‡§Ø‡§™‡•ç‡§∞‡§¶‡•á‡§∂ ","['Bhara', 'Madhya', 'Pradesh', 'Abhiyan', 'is', 'a', 'commendable', 'initiative.', 'Let', 'us', 'tell', 'you', 'that', 'on', 'the', 'birthday', 'of', 'Prime', 'Minister', 'Narendra', 'Modi', 'on', 'September', '17,', '#‡§π‡§∞‡§æ_‡§≠‡§∞‡§æ_‡§Æ‡§ß‡•ç‡§Ø‡§™‡•ç‡§∞‡§¶‡•á‡§∂', 'https://t.co/bNXpOiyaFN']"
2022:09:17,ATULCHITRANSH2,"‡§µ‡§ø‡§∂‡•ç‡§µ ‡§ï‡•á ‡§∏‡§¨‡§∏‡•á ‡§≤‡•ã‡§ï‡§™‡•ç‡§∞‡§ø‡§Ø ‡§®‡•á‡§§‡§æ ‡§Ü‡§¶‡§∞‡§£‡•Ä‡§Ø ‡§™‡•ç‡§∞‡§ß‡§æ‡§®‡§Æ‡§Ç‡§§‡•ç‡§∞‡•Ä ‡§∂‡•ç‡§∞‡•Ä Narendra Modi ‡§ú‡•Ä ‡§ï‡•ã ‡§ú‡§®‡•ç‡§Æ‡§¶‡§ø‡§µ‡§∏ ‡§ï‡•Ä ‡§π‡§æ‡§∞‡•ç‡§¶‡§ø‡§ï ‡§∂‡•Å‡§≠‡§ï‡§æ‡§Æ‡§®‡§æ‡§è‡§Ç‡•§ 
‡§¨‡§æ‡§¨‡§æ ‡§≠‡•ã‡§≤‡•á‡§®‡§æ‡§• ‡§∏‡•á ‡§Ü‡§™‡§ï‡•á ‡§≤‡§ø‡§Ø‡•á ‡§â‡§§‡•ç‡§§‡§Æ ‡§∏‡•ç‡§µ‡§æ‡§∏‡•ç‡§•‡•ç‡§Ø ‡§µ ‡§¶‡•Ä‡§∞‡•ç‡§ò‡§æ‡§Ø‡•Å ‡§ú‡•Ä‡§µ‡§® ‡§ï‡•Ä ‡§™‡•ç‡§∞‡§æ‡§∞‡•ç‡§•‡§®‡§æ ‡§π‡•àl
#NarendraModi #PMOIndia
#narendramodi_primeminister
#NarenderModi #pmonarendramodi https://t.co/gIgQfsVPkL",00:51:55,‡§µ‡§ø‡§∂‡•ç‡§µ ‡§ï‡•á ‡§∏‡§¨‡§∏‡•á ‡§≤‡•ã‡§ï‡§™‡•ç‡§∞‡§ø‡§Ø ‡§®‡•á‡§§‡§æ ‡§Ü‡§¶‡§∞‡§£‡•Ä‡§Ø ‡§™‡•ç‡§∞‡§ß‡§æ‡§®‡§Æ‡§Ç‡§§‡•ç‡§∞‡•Ä ‡§∂‡•ç‡§∞‡•Ä narendra modi ‡§ú‡•Ä ‡§ï‡•ã ‡§ú‡§®‡•ç‡§Æ‡§¶‡§ø‡§µ‡§∏ ‡§ï‡•Ä ‡§π‡§æ‡§∞‡•ç‡§¶‡§ø‡§ï ‡§∂‡•Å‡§≠‡§ï‡§æ‡§Æ‡§®‡§æ‡§è‡§Ç‡•§ ‡§¨‡§æ‡§¨‡§æ ‡§≠‡•ã‡§≤‡•á‡§®‡§æ‡§• ‡§∏‡•á ‡§Ü‡§™‡§ï‡•á ‡§≤‡§ø‡§Ø‡•á ‡§â‡§§‡•ç‡§§‡§Æ ‡§∏‡•ç‡§µ‡§æ‡§∏‡•ç‡§•‡•ç‡§Ø ‡§µ ‡§¶‡•Ä‡§∞‡•ç‡§ò‡§æ‡§Ø‡•Å ‡§ú‡•Ä‡§µ‡§® ‡§ï‡•Ä ‡§™‡•ç‡§∞‡§æ‡§∞‡•ç‡§•‡§®‡§æ ‡§π‡•àl #narendramodi #pmoindia #narendramodi_primeminister #narendermodi #pmonarendramodi ,"['‡§µ‡§ø‡§∂‡•ç‡§µ', '‡§ï‡•á', '‡§∏‡§¨‡§∏‡•á', '‡§≤‡•ã‡§ï‡§™‡•ç‡§∞‡§ø‡§Ø', '‡§®‡•á‡§§‡§æ', '‡§Ü‡§¶‡§∞‡§£‡•Ä‡§Ø', '‡§™‡•ç‡§∞‡§ß‡§æ‡§®‡§Æ‡§Ç‡§§‡•ç‡§∞‡•Ä', '‡§∂‡•ç‡§∞‡•Ä', 'Narendra', 'Modi', '‡§ú‡•Ä', '‡§ï‡•ã', '‡§ú‡§®‡•ç‡§Æ‡§¶‡§ø‡§µ‡§∏', '‡§ï‡•Ä', '‡§π‡§æ‡§∞‡•ç‡§¶‡§ø‡§ï', '‡§∂‡•Å‡§≠‡§ï‡§æ‡§Æ‡§®‡§æ‡§è‡§Ç‡•§', '‡§¨‡§æ‡§¨‡§æ', '‡§≠‡•ã‡§≤‡•á‡§®‡§æ‡§•', '‡§∏‡•á', '‡§Ü‡§™‡§ï‡•á', '‡§≤‡§ø‡§Ø‡•á', '‡§â‡§§‡•ç‡§§‡§Æ', '‡§∏‡•ç‡§µ‡§æ‡§∏‡•ç‡§•‡•ç‡§Ø', '‡§µ', '‡§¶‡•Ä‡§∞‡•ç‡§ò‡§æ‡§Ø‡•Å', '‡§ú‡•Ä‡§µ‡§®', '‡§ï‡•Ä', '‡§™‡•ç‡§∞‡§æ‡§∞‡•ç‡§•‡§®‡§æ', '‡§π‡•àl', '#NarendraModi', '#PMOIndia', '#narendramodi_primeminister', '#NarenderModi', '#pmonarendramodi', 'https://t.co/gIgQfsVPkL']"
2022:10:14,dblive15,"Himachal Pradesh Election 2022 : PM Modi ‡§ö‡•Å‡§™ ‡§ï‡•ç‡§Ø‡•ã‡§Ç ‡§π‡•à‡§Ç ? Rahul Gandhi | ... https://t.co/5l5Welw8Mc via @YouTube 
@AskThePremKumar https://t.co/dQESz5QoTu",10:42:35,himachal pradesh election 2022 : pm modi ‡§ö‡•Å‡§™ ‡§ï‡•ç‡§Ø‡•ã‡§Ç ‡§π‡•à‡§Ç ? rahul gandhi | ... via ,"['Himachal', 'Pradesh', 'Election', '2022', ':', 'PM', 'Modi', '‡§ö‡•Å‡§™', '‡§ï‡•ç‡§Ø‡•ã‡§Ç', '‡§π‡•à‡§Ç', '?', 'Rahul', 'Gandhi', '|', '...', 'https://t.co/5l5Welw8Mc', 'via', '@YouTube', '@AskThePremKumar', 'https://t.co/dQESz5QoTu']"
2022:10:03,Mayanknimavat1,"üëç on @YouTube: 2024 Lok Sabha election India Gate ‡§™‡§∞ Modi ‡§ï‡•á ‡§π‡§Æ‡§∂‡§ï‡•ç‡§≤ ‡§ï‡§æ ‡§ú‡§≤‡§µ‡§æ Rahul Gandhi ‡§∏‡•á ‡§ú‡•ç‡§Ø‡§æ‡§¶‡§æ,‡§®‡§ø‡§§‡•Ä‡§∂ ‡§ï‡•ã ‡§ß‡•ã‡§Ø‡§æ https://t.co/zpl4SHfcZ8",08:41:52,"üëç on : 2024 lok sabha election india gate ‡§™‡§∞ modi ‡§ï‡•á ‡§π‡§Æ‡§∂‡§ï‡•ç‡§≤ ‡§ï‡§æ ‡§ú‡§≤‡§µ‡§æ rahul gandhi ‡§∏‡•á ‡§ú‡•ç‡§Ø‡§æ‡§¶‡§æ,‡§®‡§ø‡§§‡•Ä‡§∂ ‡§ï‡•ã ‡§ß‡•ã‡§Ø‡§æ ","['üëç', 'on', '@YouTube:', '2024', 'Lok', 'Sabha', 'election', 'India', 'Gate', '‡§™‡§∞', 'Modi', '‡§ï‡•á', '‡§π‡§Æ‡§∂‡§ï‡•ç‡§≤', '‡§ï‡§æ', '‡§ú‡§≤‡§µ‡§æ', 'Rahul', 'Gandhi', '‡§∏‡•á', '‡§ú‡•ç‡§Ø‡§æ‡§¶‡§æ,‡§®‡§ø‡§§‡•Ä‡§∂', '‡§ï‡•ã', '‡§ß‡•ã‡§Ø‡§æ', 'https://t.co/zpl4SHfcZ8']"
2022:09:26,abntelugutv,"Arvind Kejriwal: ‡∞¶‡∞≥‡∞ø‡∞§ ‡∞™‡∞æ‡∞∞‡∞ø‡∞∂‡±Å‡∞¶‡±ç‡∞ß‡±ç‡∞Ø ‡∞ï‡∞æ‡∞∞‡±ç‡∞Æ‡∞ø‡∞ï‡±Å‡∞°‡∞ø‡∞®‡∞ø ‡∞á‡∞Ç‡∞ü‡∞ø‡∞ï‡∞ø ‡∞™‡∞ø‡∞≤‡∞ø‡∞ö‡∞ø ‡∞ï‡±á‡∞ú‡±ç‡∞∞‡±Ä‡∞µ‡∞æ‡∞≤‡±ç ‡∞µ‡∞ø‡∞Ç‡∞¶‡±Å.. ‡∞Ö‡∞ü‡±Å‡∞µ‡±à‡∞™‡±Å ‡∞®‡±Å‡∞Ç‡∞ö‡∞ø ‡∞®‡∞∞‡±Å‡∞ï‡±ç‡∞ï‡±ä‡∞∏‡±ç‡∞§‡±Å‡∞®‡±ç‡∞® ‡∞¨‡±Ä‡∞ú‡±á‡∞™‡±Ä!
https://t.co/HjK3ax97Zt

#ArvindKejriwal #BJP #ABNAndhrajyothy",13:48:37,arvind kejriwal: ‡∞¶‡∞≥‡∞ø‡∞§ ‡∞™‡∞æ‡∞∞‡∞ø‡∞∂‡±Å‡∞¶‡±ç‡∞ß‡±ç‡∞Ø ‡∞ï‡∞æ‡∞∞‡±ç‡∞Æ‡∞ø‡∞ï‡±Å‡∞°‡∞ø‡∞®‡∞ø ‡∞á‡∞Ç‡∞ü‡∞ø‡∞ï‡∞ø ‡∞™‡∞ø‡∞≤‡∞ø‡∞ö‡∞ø ‡∞ï‡±á‡∞ú‡±ç‡∞∞‡±Ä‡∞µ‡∞æ‡∞≤‡±ç ‡∞µ‡∞ø‡∞Ç‡∞¶‡±Å.. ‡∞Ö‡∞ü‡±Å‡∞µ‡±à‡∞™‡±Å ‡∞®‡±Å‡∞Ç‡∞ö‡∞ø ‡∞®‡∞∞‡±Å‡∞ï‡±ç‡∞ï‡±ä‡∞∏‡±ç‡∞§‡±Å‡∞®‡±ç‡∞® ‡∞¨‡±Ä‡∞ú‡±á‡∞™‡±Ä! #arvindkejriwal #bjp #abnandhrajyothy,"['Arvind', 'Kejriwal:', '‡∞¶‡∞≥‡∞ø‡∞§', '‡∞™‡∞æ‡∞∞‡∞ø‡∞∂‡±Å‡∞¶‡±ç‡∞ß‡±ç‡∞Ø', '‡∞ï‡∞æ‡∞∞‡±ç‡∞Æ‡∞ø‡∞ï‡±Å‡∞°‡∞ø‡∞®‡∞ø', '‡∞á‡∞Ç‡∞ü‡∞ø‡∞ï‡∞ø', '‡∞™‡∞ø‡∞≤‡∞ø‡∞ö‡∞ø', '‡∞ï‡±á‡∞ú‡±ç‡∞∞‡±Ä‡∞µ‡∞æ‡∞≤‡±ç', '‡∞µ‡∞ø‡∞Ç‡∞¶‡±Å..', '‡∞Ö‡∞ü‡±Å‡∞µ‡±à‡∞™‡±Å', '‡∞®‡±Å‡∞Ç‡∞ö‡∞ø', '‡∞®‡∞∞‡±Å‡∞ï‡±ç‡∞ï‡±ä‡∞∏‡±ç‡∞§‡±Å‡∞®‡±ç‡∞®', '‡∞¨‡±Ä‡∞ú‡±á‡∞™‡±Ä!', 'https://t.co/HjK3ax97Zt', '#ArvindKejriwal', '#BJP', '#ABNAndhrajyothy']"
2022:09:17,krishreport,"‡∞í‡∞ï ‡∞∏‡∞æ‡∞Æ‡∞æ‡∞®‡±ç‡∞Ø‡±Å‡∞°‡±Å ‡∞∂‡±ç‡∞∞‡∞Æ‡∞ø‡∞∏‡±ç‡∞§‡±á #‡∞¶‡±á‡∞∂‡∞æ‡∞®‡±ç‡∞®‡∞ø ‡∞™‡∞æ‡∞≤‡∞ø‡∞Ç‡∞ö‡±á ‡∞∏‡±ç‡∞•‡∞æ‡∞Ø‡∞ø‡∞ï‡∞ø ‡∞é‡∞¶‡∞ó‡∞µ‡∞ö‡±ç‡∞ö‡±Å ‡∞Ö‡∞®‡∞ø ‡∞®‡∞ø‡∞∞‡±Ç‡∞™‡∞ø‡∞Ç‡∞ö‡∞ø‡∞® #‡∞®‡∞∞‡±á‡∞Ç‡∞¶‡±ç‡∞∞‡∞Æ‡±ã‡∞¶‡±Ä ‡∞ú‡±Ä ‡∞ï‡∞ø ‡∞ú‡∞®‡±ç‡∞Æ‡∞¶‡∞ø‡∞® ‡∞∂‡±Å‡∞≠‡∞æ‡∞ï‡∞æ‡∞Ç‡∞ï‡±ç‡∞∑‡∞≤‡±Å.. 

Heartiest birthday greetings to our inspiration, our leader, our beloved Hon PM Shri 
Narendra Modi ji.

#HappyBirthdayNAMO https://t.co/FqVisfY5Xu",03:05:58,"‡∞í‡∞ï ‡∞∏‡∞æ‡∞Æ‡∞æ‡∞®‡±ç‡∞Ø‡±Å‡∞°‡±Å ‡∞∂‡±ç‡∞∞‡∞Æ‡∞ø‡∞∏‡±ç‡∞§‡±á #‡∞¶‡±á‡∞∂‡∞æ‡∞®‡±ç‡∞®‡∞ø ‡∞™‡∞æ‡∞≤‡∞ø‡∞Ç‡∞ö‡±á ‡∞∏‡±ç‡∞•‡∞æ‡∞Ø‡∞ø‡∞ï‡∞ø ‡∞é‡∞¶‡∞ó‡∞µ‡∞ö‡±ç‡∞ö‡±Å ‡∞Ö‡∞®‡∞ø ‡∞®‡∞ø‡∞∞‡±Ç‡∞™‡∞ø‡∞Ç‡∞ö‡∞ø‡∞® #‡∞®‡∞∞‡±á‡∞Ç‡∞¶‡±ç‡∞∞‡∞Æ‡±ã‡∞¶‡±Ä ‡∞ú‡±Ä ‡∞ï‡∞ø ‡∞ú‡∞®‡±ç‡∞Æ‡∞¶‡∞ø‡∞® ‡∞∂‡±Å‡∞≠‡∞æ‡∞ï‡∞æ‡∞Ç‡∞ï‡±ç‡∞∑‡∞≤‡±Å.. heartiest birthday greetings to our inspiration, our leader, our beloved hon pm shri narendra modi ji. #happybirthdaynamo ","['‡∞í‡∞ï', '‡∞∏‡∞æ‡∞Æ‡∞æ‡∞®‡±ç‡∞Ø‡±Å‡∞°‡±Å', '‡∞∂‡±ç‡∞∞‡∞Æ‡∞ø‡∞∏‡±ç‡∞§‡±á', '#‡∞¶‡±á‡∞∂‡∞æ‡∞®‡±ç‡∞®‡∞ø', '‡∞™‡∞æ‡∞≤‡∞ø‡∞Ç‡∞ö‡±á', '‡∞∏‡±ç‡∞•‡∞æ‡∞Ø‡∞ø‡∞ï‡∞ø', '‡∞é‡∞¶‡∞ó‡∞µ‡∞ö‡±ç‡∞ö‡±Å', '‡∞Ö‡∞®‡∞ø', '‡∞®‡∞ø‡∞∞‡±Ç‡∞™‡∞ø‡∞Ç‡∞ö‡∞ø‡∞®', '#‡∞®‡∞∞‡±á‡∞Ç‡∞¶‡±ç‡∞∞‡∞Æ‡±ã‡∞¶‡±Ä', '‡∞ú‡±Ä', '‡∞ï‡∞ø', '‡∞ú‡∞®‡±ç‡∞Æ‡∞¶‡∞ø‡∞®', '‡∞∂‡±Å‡∞≠‡∞æ‡∞ï‡∞æ‡∞Ç‡∞ï‡±ç‡∞∑‡∞≤‡±Å..', 'Heartiest', 'birthday', 'greetings', 'to', 'our', 'inspiration,', 'our', 'leader,', 'our', 'beloved', 'Hon', 'PM', 'Shri', 'Narendra', 'Modi', 'ji.', '#HappyBirthdayNAMO', 'https://t.co/FqVisfY5Xu']"
2022:09:01,MyIndMedia,"‡∞¢‡∞ø‡∞≤‡±ç‡∞≤‡±Ä ‡∞∏‡∞∞‡±ç‡∞ï‡∞æ‡∞∞‡±Å, ‡∞≤‡±Ü‡∞´‡±ç‡∞ü‡∞ø‡∞®‡±Ü‡∞Ç‡∞ü‡±ç ‡∞ó‡∞µ‡∞∞‡±ç‡∞®‡∞∞‡±ç ‡∞Æ‡∞ß‡±ç‡∞Ø ‡∞Æ‡±Å‡∞¶‡±Å‡∞∞‡±Å‡∞§‡±Å‡∞®‡±ç‡∞® ‡∞Ø‡±Å‡∞¶‡±ç‡∞ß‡∞Ç ‚Äì ‡∞Ü‡∞™‡±ç ‡∞é‡∞Æ‡±ç‡∞Æ‡±Ü‡∞≤‡±ç‡∞Ø‡±á‡∞≤‡∞™‡±à ‡∞ö‡∞ü‡±ç‡∞ü‡∞™‡∞∞‡∞Æ‡±à‡∞® ‡∞ö‡∞∞‡±ç‡∞Ø‡∞≤‡∞ï‡±Å ‡∞é‡∞≤‡±ç‡∞ú‡±Ä ‡∞∏‡∞ø‡∞¶‡±ç‡∞ß‡∞Ç | Delhi | Governor | AAP | Arvind Kejriwal | MyIndMedia
#AAP #ArvindKejriwal #AAP #VinaiKumarSaxena
https://t.co/fgq4RXpXeN",13:39:42,"‡∞¢‡∞ø‡∞≤‡±ç‡∞≤‡±Ä ‡∞∏‡∞∞‡±ç‡∞ï‡∞æ‡∞∞‡±Å, ‡∞≤‡±Ü‡∞´‡±ç‡∞ü‡∞ø‡∞®‡±Ü‡∞Ç‡∞ü‡±ç ‡∞ó‡∞µ‡∞∞‡±ç‡∞®‡∞∞‡±ç ‡∞Æ‡∞ß‡±ç‡∞Ø ‡∞Æ‡±Å‡∞¶‡±Å‡∞∞‡±Å‡∞§‡±Å‡∞®‡±ç‡∞® ‡∞Ø‡±Å‡∞¶‡±ç‡∞ß‡∞Ç ‚Äì ‡∞Ü‡∞™‡±ç ‡∞é‡∞Æ‡±ç‡∞Æ‡±Ü‡∞≤‡±ç‡∞Ø‡±á‡∞≤‡∞™‡±à ‡∞ö‡∞ü‡±ç‡∞ü‡∞™‡∞∞‡∞Æ‡±à‡∞® ‡∞ö‡∞∞‡±ç‡∞Ø‡∞≤‡∞ï‡±Å ‡∞é‡∞≤‡±ç‡∞ú‡±Ä ‡∞∏‡∞ø‡∞¶‡±ç‡∞ß‡∞Ç | delhi | governor | aap | arvind kejriwal | myindmedia #aap #arvindkejriwal #aap #vinaikumarsaxena ","['‡∞¢‡∞ø‡∞≤‡±ç‡∞≤‡±Ä', '‡∞∏‡∞∞‡±ç‡∞ï‡∞æ‡∞∞‡±Å,', '‡∞≤‡±Ü‡∞´‡±ç‡∞ü‡∞ø‡∞®‡±Ü‡∞Ç‡∞ü‡±ç', '‡∞ó‡∞µ‡∞∞‡±ç‡∞®‡∞∞‡±ç', '‡∞Æ‡∞ß‡±ç‡∞Ø', '‡∞Æ‡±Å‡∞¶‡±Å‡∞∞‡±Å‡∞§‡±Å‡∞®‡±ç‡∞®', '‡∞Ø‡±Å‡∞¶‡±ç‡∞ß‡∞Ç', '‚Äì', '‡∞Ü‡∞™‡±ç', '‡∞é‡∞Æ‡±ç‡∞Æ‡±Ü‡∞≤‡±ç‡∞Ø‡±á‡∞≤‡∞™‡±à', '‡∞ö‡∞ü‡±ç‡∞ü‡∞™‡∞∞‡∞Æ‡±à‡∞®', '‡∞ö‡∞∞‡±ç‡∞Ø‡∞≤‡∞ï‡±Å', '‡∞é‡∞≤‡±ç‡∞ú‡±Ä', '‡∞∏‡∞ø‡∞¶‡±ç‡∞ß‡∞Ç', '|', 'Delhi', '|', 'Governor', '|', 'AAP', '|', 'Arvind', 'Kejriwal', '|', 'MyIndMedia', '#AAP', '#ArvindKejriwal', '#AAP', '#VinaiKumarSaxena', 'https://t.co/fgq4RXpXeN']"
2022:09:17,NaveenG77168184,"Birthday greetings to our honorable Prime Minister Shri Narendra Modi ji  @narendramodi.Sir üéÇüéâ
‡∞ú‡∞®‡±ç‡∞Æ‡∞¶‡∞ø‡∞® ‡∞∂‡±Å‡∞≠‡∞æ‡∞ï‡∞æ‡∞Ç‡∞ï‡±ç‡∞∑‡∞≤‡±Å..Sir https://t.co/F6ggQpSVqx",09:19:59,birthday greetings to our honorable prime minister shri narendra modi ji .sir üéÇüéâ ‡∞ú‡∞®‡±ç‡∞Æ‡∞¶‡∞ø‡∞® ‡∞∂‡±Å‡∞≠‡∞æ‡∞ï‡∞æ‡∞Ç‡∞ï‡±ç‡∞∑‡∞≤‡±Å..sir ,"['Birthday', 'greetings', 'to', 'our', 'honorable', 'Prime', 'Minister', 'Shri', 'Narendra', 'Modi', 'ji', '@narendramodi.Sir', 'üéÇüéâ', '‡∞ú‡∞®‡±ç‡∞Æ‡∞¶‡∞ø‡∞®', '‡∞∂‡±Å‡∞≠‡∞æ‡∞ï‡∞æ‡∞Ç‡∞ï‡±ç‡∞∑‡∞≤‡±Å..Sir', 'https://t.co/F6ggQpSVqx']"
2022:09:16,BonthalaKusuma,"‡∞≠‡∞æ‡∞∞‡∞§ ‡∞Æ‡∞æ‡∞§ ‡∞∏‡±á‡∞µ‡∞ï‡±à ‡∞Ö‡∞π‡∞∞‡±ç‡∞®‡∞ø‡∞∂‡∞≤‡±Å ‡∞∂‡±ç‡∞∞‡∞Æ‡∞ø‡∞∏‡±ç‡∞§‡±Å‡∞®‡±ç‡∞® ‡∞Ö‡∞≤‡±Å‡∞™‡±Ü‡∞∞‡∞ó‡∞®‡∞ø ‡∞Ü‡∞Ø‡±Å‡∞ß‡∞Ç,
‡∞®‡∞µ‡∞≠‡∞æ‡∞∞‡∞§ ‡∞®‡∞ø‡∞∞‡±ç‡∞Æ‡∞æ‡∞§, ‡∞≠‡∞∞‡∞§‡∞Æ‡∞æ‡∞§ ‡∞Æ‡±Å‡∞¶‡±ç‡∞¶‡±Å‡∞¨‡∞ø‡∞°‡±ç‡∞° ‡∞™‡±ç‡∞∞‡∞ß‡∞æ‡∞®‡∞ø #‡∞∂‡±ç‡∞∞‡±Ä_‡∞®‡∞∞‡±á‡∞Ç‡∞¶‡±ç‡∞∞_‡∞Æ‡±ã‡∞¶‡±Ä ‡∞ó‡∞æ‡∞∞‡∞ø‡∞ï‡∞ø ‡∞ú‡∞®‡±ç‡∞Æ‡∞¶‡∞ø‡∞® ‡∞∂‡±Å‡∞≠‡∞æ‡∞ï‡∞æ‡∞Ç‡∞ï‡±ç‡∞∑‡∞≤‡±Å.
üíêüíêüíêüíê
Narendra Modi 
Namo 
#narendramodi 
#narendramodi_primeminister https://t.co/iZmSNQh1HJ",18:12:13,"‡∞≠‡∞æ‡∞∞‡∞§ ‡∞Æ‡∞æ‡∞§ ‡∞∏‡±á‡∞µ‡∞ï‡±à ‡∞Ö‡∞π‡∞∞‡±ç‡∞®‡∞ø‡∞∂‡∞≤‡±Å ‡∞∂‡±ç‡∞∞‡∞Æ‡∞ø‡∞∏‡±ç‡∞§‡±Å‡∞®‡±ç‡∞® ‡∞Ö‡∞≤‡±Å‡∞™‡±Ü‡∞∞‡∞ó‡∞®‡∞ø ‡∞Ü‡∞Ø‡±Å‡∞ß‡∞Ç, ‡∞®‡∞µ‡∞≠‡∞æ‡∞∞‡∞§ ‡∞®‡∞ø‡∞∞‡±ç‡∞Æ‡∞æ‡∞§, ‡∞≠‡∞∞‡∞§‡∞Æ‡∞æ‡∞§ ‡∞Æ‡±Å‡∞¶‡±ç‡∞¶‡±Å‡∞¨‡∞ø‡∞°‡±ç‡∞° ‡∞™‡±ç‡∞∞‡∞ß‡∞æ‡∞®‡∞ø #‡∞∂‡±ç‡∞∞‡±Ä_‡∞®‡∞∞‡±á‡∞Ç‡∞¶‡±ç‡∞∞_‡∞Æ‡±ã‡∞¶‡±Ä ‡∞ó‡∞æ‡∞∞‡∞ø‡∞ï‡∞ø ‡∞ú‡∞®‡±ç‡∞Æ‡∞¶‡∞ø‡∞® ‡∞∂‡±Å‡∞≠‡∞æ‡∞ï‡∞æ‡∞Ç‡∞ï‡±ç‡∞∑‡∞≤‡±Å. üíêüíêüíêüíê narendra modi namo #narendramodi #narendramodi_primeminister ","['‡∞≠‡∞æ‡∞∞‡∞§', '‡∞Æ‡∞æ‡∞§', '‡∞∏‡±á‡∞µ‡∞ï‡±à', '‡∞Ö‡∞π‡∞∞‡±ç‡∞®‡∞ø‡∞∂‡∞≤‡±Å', '‡∞∂‡±ç‡∞∞‡∞Æ‡∞ø‡∞∏‡±ç‡∞§‡±Å‡∞®‡±ç‡∞®', '‡∞Ö‡∞≤‡±Å‡∞™‡±Ü‡∞∞‡∞ó‡∞®‡∞ø', '‡∞Ü‡∞Ø‡±Å‡∞ß‡∞Ç,', '‡∞®‡∞µ‡∞≠‡∞æ‡∞∞‡∞§', '‡∞®‡∞ø‡∞∞‡±ç‡∞Æ‡∞æ‡∞§,', '‡∞≠‡∞∞‡∞§‡∞Æ‡∞æ‡∞§', '‡∞Æ‡±Å‡∞¶‡±ç‡∞¶‡±Å‡∞¨‡∞ø‡∞°‡±ç‡∞°', '‡∞™‡±ç‡∞∞‡∞ß‡∞æ‡∞®‡∞ø', '#‡∞∂‡±ç‡∞∞‡±Ä_‡∞®‡∞∞‡±á‡∞Ç‡∞¶‡±ç‡∞∞_‡∞Æ‡±ã‡∞¶‡±Ä', '‡∞ó‡∞æ‡∞∞‡∞ø‡∞ï‡∞ø', '‡∞ú‡∞®‡±ç‡∞Æ‡∞¶‡∞ø‡∞®', '‡∞∂‡±Å‡∞≠‡∞æ‡∞ï‡∞æ‡∞Ç‡∞ï‡±ç‡∞∑‡∞≤‡±Å.', 'üíêüíêüíêüíê', 'Narendra', 'Modi', 'Namo', '#narendramodi', '#narendramodi_primeminister', 'https://t.co/iZmSNQh1HJ']"
2022:10:07,n_nemuri,"07-10-2001
‡∞ö‡∞∞‡∞ø‡∞§‡±ç‡∞∞ ‡∞∏‡±É‡∞∑‡±ç‡∞ü‡∞ø‡∞ï‡∞ø ‡∞®‡∞æ‡∞Ç‡∞¶‡∞ø ‡∞™‡∞°‡∞ø‡∞® ‡∞ï‡±ç‡∞∑‡∞£‡∞æ‡∞≤‡±Å‚Ä¶

21 glorious years of visionary leadership‚Ä¶PM Shri Narendra Modi Ji was sworn in as the Chief Minister of #Gujarat on this day in 2001. https://t.co/QXQCmYLyj5",15:05:04,07-10-2001 ‡∞ö‡∞∞‡∞ø‡∞§‡±ç‡∞∞ ‡∞∏‡±É‡∞∑‡±ç‡∞ü‡∞ø‡∞ï‡∞ø ‡∞®‡∞æ‡∞Ç‡∞¶‡∞ø ‡∞™‡∞°‡∞ø‡∞® ‡∞ï‡±ç‡∞∑‡∞£‡∞æ‡∞≤‡±Å‚Ä¶ 21 glorious years of visionary leadership‚Ä¶pm shri narendra modi ji was sworn in as the chief minister of #gujarat on this day in 2001. ,"['07-10-2001', '‡∞ö‡∞∞‡∞ø‡∞§‡±ç‡∞∞', '‡∞∏‡±É‡∞∑‡±ç‡∞ü‡∞ø‡∞ï‡∞ø', '‡∞®‡∞æ‡∞Ç‡∞¶‡∞ø', '‡∞™‡∞°‡∞ø‡∞®', '‡∞ï‡±ç‡∞∑‡∞£‡∞æ‡∞≤‡±Å‚Ä¶', '21', 'glorious', 'years', 'of', 'visionary', 'leadership‚Ä¶PM', 'Shri', 'Narendra', 'Modi', 'Ji', 'was', 'sworn', 'in', 'as', 'the', 'Chief', 'Minister', 'of', '#Gujarat', 'on', 'this', 'day', 'in', '2001.', 'https://t.co/QXQCmYLyj5']"
2022:09:17,KondisettyVenk1,"#happybirthdaymodiji
 Narendra Modi  #happybirthdaynarendramodi #NarendraModiji #narendramodi_primeminister
#AndhraPradesh Somu Veerraju
 ‡∞≠‡∞æ‡∞∞‡∞§ ‡∞™‡±ç‡∞∞‡∞ß‡∞æ‡∞®‡∞Æ‡∞Ç‡∞§‡±ç‡∞∞‡∞ø ‡∞ó‡±å""‡∞∂‡±ç‡∞∞‡±Ä ‡∞®‡∞∞‡±á‡∞Ç‡∞¶‡±ç‡∞∞ ‡∞Æ‡±ã‡∞¶‡±Ä ‡∞ó‡∞æ‡∞∞‡∞ø ‡∞™‡±Å‡∞ü‡±ç‡∞ü‡∞ø‡∞®‡∞∞‡±ã‡∞ú‡±Å ‡∞∏‡∞Ç‡∞¶‡∞∞‡±ç‡∞≠‡∞Ç‡∞ó‡∞æ
‡∞™‡∞æ‡∞Æ‡±Ç‡∞∞‡±Å ‡∞∂‡±ç‡∞∞‡±Ä ‡∞µ‡∞æ‡∞∏‡∞µ‡∞ø ‡∞ï‡∞®‡±ç‡∞Ø‡∞ï‡∞æ ‡∞™‡∞∞‡∞Æ‡±á‡∞∂‡±ç‡∞µ‡∞∞‡∞ø ‡∞¶‡±á‡∞µ‡∞∏‡±ç‡∞•‡∞æ‡∞®‡∞Ç‡∞≤‡±ã ‡∞ï‡±Å‡∞Ç‡∞ï‡±Å‡∞Æ‡∞æ‡∞∞‡±ç‡∞ö‡∞®, ‡∞™‡±Ç‡∞ú‡∞æ ‡∞ï‡∞æ‡∞∞‡±ç‡∞Ø‡∞ï‡±ç‡∞∞‡∞Æ‡∞Ç https://t.co/kjy5l2kU1L",07:50:11,"#happybirthdaymodiji narendra modi #happybirthdaynarendramodi #narendramodiji #narendramodi_primeminister #andhrapradesh somu veerraju ‡∞≠‡∞æ‡∞∞‡∞§ ‡∞™‡±ç‡∞∞‡∞ß‡∞æ‡∞®‡∞Æ‡∞Ç‡∞§‡±ç‡∞∞‡∞ø ‡∞ó‡±å""‡∞∂‡±ç‡∞∞‡±Ä ‡∞®‡∞∞‡±á‡∞Ç‡∞¶‡±ç‡∞∞ ‡∞Æ‡±ã‡∞¶‡±Ä ‡∞ó‡∞æ‡∞∞‡∞ø ‡∞™‡±Å‡∞ü‡±ç‡∞ü‡∞ø‡∞®‡∞∞‡±ã‡∞ú‡±Å ‡∞∏‡∞Ç‡∞¶‡∞∞‡±ç‡∞≠‡∞Ç‡∞ó‡∞æ ‡∞™‡∞æ‡∞Æ‡±Ç‡∞∞‡±Å ‡∞∂‡±ç‡∞∞‡±Ä ‡∞µ‡∞æ‡∞∏‡∞µ‡∞ø ‡∞ï‡∞®‡±ç‡∞Ø‡∞ï‡∞æ ‡∞™‡∞∞‡∞Æ‡±á‡∞∂‡±ç‡∞µ‡∞∞‡∞ø ‡∞¶‡±á‡∞µ‡∞∏‡±ç‡∞•‡∞æ‡∞®‡∞Ç‡∞≤‡±ã ‡∞ï‡±Å‡∞Ç‡∞ï‡±Å‡∞Æ‡∞æ‡∞∞‡±ç‡∞ö‡∞®, ‡∞™‡±Ç‡∞ú‡∞æ ‡∞ï‡∞æ‡∞∞‡±ç‡∞Ø‡∞ï‡±ç‡∞∞‡∞Æ‡∞Ç ","['#happybirthdaymodiji', 'Narendra', 'Modi', '#happybirthdaynarendramodi', '#NarendraModiji', '#narendramodi_primeminister', '#AndhraPradesh', 'Somu', 'Veerraju', '‡∞≠‡∞æ‡∞∞‡∞§', '‡∞™‡±ç‡∞∞‡∞ß‡∞æ‡∞®‡∞Æ‡∞Ç‡∞§‡±ç‡∞∞‡∞ø', '‡∞ó‡±å""‡∞∂‡±ç‡∞∞‡±Ä', '‡∞®‡∞∞‡±á‡∞Ç‡∞¶‡±ç‡∞∞', '‡∞Æ‡±ã‡∞¶‡±Ä', '‡∞ó‡∞æ‡∞∞‡∞ø', '‡∞™‡±Å‡∞ü‡±ç‡∞ü‡∞ø‡∞®‡∞∞‡±ã‡∞ú‡±Å', '‡∞∏‡∞Ç‡∞¶‡∞∞‡±ç‡∞≠‡∞Ç‡∞ó‡∞æ', '‡∞™‡∞æ‡∞Æ‡±Ç‡∞∞‡±Å', '‡∞∂‡±ç‡∞∞‡±Ä', '‡∞µ‡∞æ‡∞∏‡∞µ‡∞ø', '‡∞ï‡∞®‡±ç‡∞Ø‡∞ï‡∞æ', '‡∞™‡∞∞‡∞Æ‡±á‡∞∂‡±ç‡∞µ‡∞∞‡∞ø', '‡∞¶‡±á‡∞µ‡∞∏‡±ç‡∞•‡∞æ‡∞®‡∞Ç‡∞≤‡±ã', '‡∞ï‡±Å‡∞Ç‡∞ï‡±Å‡∞Æ‡∞æ‡∞∞‡±ç‡∞ö‡∞®,', '‡∞™‡±Ç‡∞ú‡∞æ', '‡∞ï‡∞æ‡∞∞‡±ç‡∞Ø‡∞ï‡±ç‡∞∞‡∞Æ‡∞Ç', 'https://t.co/kjy5l2kU1L']"
2022:09:30,Arvindharmapuri,"‚Äò‡∞Ö‡∞Æ‡±ç‡∞Æ‚Äô ‡∞∏‡±á‡∞µ‡∞≤‡±ã ! 

PM Shri Narendra Modi, Navratri celebrations in Ahmedabad. https://t.co/H2Qeg0ArWb",03:25:27,"‚Äò‡∞Ö‡∞Æ‡±ç‡∞Æ‚Äô ‡∞∏‡±á‡∞µ‡∞≤‡±ã ! pm shri narendra modi, navratri celebrations in ahmedabad. ","['‚Äò‡∞Ö‡∞Æ‡±ç‡∞Æ‚Äô', '‡∞∏‡±á‡∞µ‡∞≤‡±ã', '!', 'PM', 'Shri', 'Narendra', 'Modi,', 'Navratri', 'celebrations', 'in', 'Ahmedabad.', 'https://t.co/H2Qeg0ArWb']"
2022:10:17,cheekaramellis,"'‡∞µ‡∞®‡±ç ‡∞®‡±á‡∞∑‡∞®‡±ç..‡∞µ‡∞®‡±ç ‡∞Ø‡±Ç‡∞∞‡∞ø‡∞Ø‡∞æ' ‡∞™‡∞•‡∞ï‡∞Ç‡∞≤‡±ã ‡∞≠‡∞æ‡∞ó‡∞Ç‡∞ó‡∞æ '‡∞≠‡∞æ‡∞∞‡∞§‡±ç' ‡∞Ö‡∞®‡±á ‡∞∏‡∞ø‡∞Ç‡∞ó‡∞ø‡∞≤‡±ç ‡∞¨‡±ç‡∞∞‡∞æ‡∞Ç‡∞°‡±ç ‡∞™‡±á‡∞∞‡±Å‡∞§‡±ã ‡∞∏‡∞¨‡±ç‡∞∏‡∞ø‡∞°‡±Ä ‡∞Ø‡±Ç‡∞∞‡∞ø‡∞Ø‡∞æ‡∞®‡±Å ‡∞™‡±ç‡∞∞‡∞æ‡∞∞‡∞Ç‡∞≠‡∞ø‡∞Ç‡∞ö‡∞ø‡∞® ‡∞™‡±ç‡∞∞‡∞ß‡∞æ‡∞®‡∞Æ‡∞Ç‡∞§‡±ç‡∞∞‡∞ø @narendramodi..

Prime Minister Shri Narendra Modi on Monday launched urea bags under single brand called ‚ÄòBharat‚Äô.

@blsanthosh @shivprakashbjp 
#PMKisan. https://t.co/uNioRYnsmF",17:09:43,'‡∞µ‡∞®‡±ç ‡∞®‡±á‡∞∑‡∞®‡±ç..‡∞µ‡∞®‡±ç ‡∞Ø‡±Ç‡∞∞‡∞ø‡∞Ø‡∞æ' ‡∞™‡∞•‡∞ï‡∞Ç‡∞≤‡±ã ‡∞≠‡∞æ‡∞ó‡∞Ç‡∞ó‡∞æ '‡∞≠‡∞æ‡∞∞‡∞§‡±ç' ‡∞Ö‡∞®‡±á ‡∞∏‡∞ø‡∞Ç‡∞ó‡∞ø‡∞≤‡±ç ‡∞¨‡±ç‡∞∞‡∞æ‡∞Ç‡∞°‡±ç ‡∞™‡±á‡∞∞‡±Å‡∞§‡±ã ‡∞∏‡∞¨‡±ç‡∞∏‡∞ø‡∞°‡±Ä ‡∞Ø‡±Ç‡∞∞‡∞ø‡∞Ø‡∞æ‡∞®‡±Å ‡∞™‡±ç‡∞∞‡∞æ‡∞∞‡∞Ç‡∞≠‡∞ø‡∞Ç‡∞ö‡∞ø‡∞® ‡∞™‡±ç‡∞∞‡∞ß‡∞æ‡∞®‡∞Æ‡∞Ç‡∞§‡±ç‡∞∞‡∞ø .. prime minister shri narendra modi on monday launched urea bags under single brand called ‚Äòbharat‚Äô. #pmkisan. ,"[""'‡∞µ‡∞®‡±ç"", '‡∞®‡±á‡∞∑‡∞®‡±ç..‡∞µ‡∞®‡±ç', ""‡∞Ø‡±Ç‡∞∞‡∞ø‡∞Ø‡∞æ'"", '‡∞™‡∞•‡∞ï‡∞Ç‡∞≤‡±ã', '‡∞≠‡∞æ‡∞ó‡∞Ç‡∞ó‡∞æ', ""'‡∞≠‡∞æ‡∞∞‡∞§‡±ç'"", '‡∞Ö‡∞®‡±á', '‡∞∏‡∞ø‡∞Ç‡∞ó‡∞ø‡∞≤‡±ç', '‡∞¨‡±ç‡∞∞‡∞æ‡∞Ç‡∞°‡±ç', '‡∞™‡±á‡∞∞‡±Å‡∞§‡±ã', '‡∞∏‡∞¨‡±ç‡∞∏‡∞ø‡∞°‡±Ä', '‡∞Ø‡±Ç‡∞∞‡∞ø‡∞Ø‡∞æ‡∞®‡±Å', '‡∞™‡±ç‡∞∞‡∞æ‡∞∞‡∞Ç‡∞≠‡∞ø‡∞Ç‡∞ö‡∞ø‡∞®', '‡∞™‡±ç‡∞∞‡∞ß‡∞æ‡∞®‡∞Æ‡∞Ç‡∞§‡±ç‡∞∞‡∞ø', '@narendramodi..', 'Prime', 'Minister', 'Shri', 'Narendra', 'Modi', 'on', 'Monday', 'launched', 'urea', 'bags', 'under', 'single', 'brand', 'called', '‚ÄòBharat‚Äô.', '@blsanthosh', '@shivprakashbjp', '#PMKisan.', 'https://t.co/uNioRYnsmF']"
2022:07:22,dishatelugu,"Arvind Kejriwal: ‡∞¢‡∞ø‡∞≤‡±ç‡∞≤‡±Ä ‡∞°‡∞ø‡∞™‡±ç‡∞Ø‡±Ç‡∞ü‡±Ä ‡∞∏‡±Ä‡∞é‡∞Ç‡∞™‡±à ‡∞∏‡±Ä‡∞¨‡±Ä‡∞ê ‡∞µ‡∞ø‡∞ö‡∞æ‡∞∞‡∞£! 
#ArvindKejriwal #DelhiCM #Comments #PMModi #India 
https://t.co/fzFCdxTEDj",10:19:43,arvind kejriwal: ‡∞¢‡∞ø‡∞≤‡±ç‡∞≤‡±Ä ‡∞°‡∞ø‡∞™‡±ç‡∞Ø‡±Ç‡∞ü‡±Ä ‡∞∏‡±Ä‡∞é‡∞Ç‡∞™‡±à ‡∞∏‡±Ä‡∞¨‡±Ä‡∞ê ‡∞µ‡∞ø‡∞ö‡∞æ‡∞∞‡∞£! #arvindkejriwal #delhicm #comments #pmmodi #india ,"['Arvind', 'Kejriwal:', '‡∞¢‡∞ø‡∞≤‡±ç‡∞≤‡±Ä', '‡∞°‡∞ø‡∞™‡±ç‡∞Ø‡±Ç‡∞ü‡±Ä', '‡∞∏‡±Ä‡∞é‡∞Ç‡∞™‡±à', '‡∞∏‡±Ä‡∞¨‡±Ä‡∞ê', '‡∞µ‡∞ø‡∞ö‡∞æ‡∞∞‡∞£!', '#ArvindKejriwal', '#DelhiCM', '#Comments', '#PMModi', '#India', 'https://t.co/fzFCdxTEDj']"
2022:09:26,Rknaidu40052938,"üáØüá≤ ‡∞Æ‡∞π‡∞Æ‡±ç‡∞Æ‡∞æ‡∞∞‡∞ø ‡∞∏‡∞Æ‡∞Ø‡∞Ç‡∞≤‡±ã ‡∞≠‡∞æ‡∞∞‡∞§‡±ç üáÆüá≥ ‡∞Æ‡∞æ‡∞ï‡±Å ‚Äò‡∞π‡±ã‡∞™‡±ç‚Äô ‡∞®‡∞ø ‡∞Ö‡∞Ç‡∞¶‡∞ø‡∞Ç‡∞ö‡∞ø‡∞Ç‡∞¶‡∞ø !  

‡∞ï‡∞∞‡±ã‡∞®‡∞æ ‡∞∏‡∞Æ‡∞Ø‡∞Ç‡∞≤‡±ã ‡∞á‡∞§‡∞∞‡±Å‡∞≤‡±Å ‡∞ï‡±ã‡∞µ‡∞ø‡∞°‡±ç ‡∞∏‡∞∞‡∞´‡∞∞‡∞æ‡∞≤‡±Å ‡∞®‡∞ø‡∞≤‡∞ø‡∞™‡∞ø‡∞µ‡±á‡∞∏‡±á ‡∞®‡∞ø‡∞∞‡±ç‡∞£‡∞Ø‡∞Ç ‡∞§‡±Ä‡∞∏‡±Å‡∞ï‡±Å‡∞®‡±ç‡∞®‡∞™‡±Å‡∞°‡±Å, ‡∞Æ‡∞π‡∞Æ‡±ç‡∞Æ‡∞æ‡∞∞‡∞ø‡∞§‡±ã ‡∞§‡∞® ‡∞™‡±ã‡∞∞‡∞æ‡∞ü‡∞Ç ‡∞ï‡±ä‡∞®‡∞∏‡∞æ‡∞ó‡∞ø‡∞∏‡±ç‡∞§‡±Ç‡∞®‡±á, ‡∞≠‡∞æ‡∞∞‡∞§‡±ç ‡∞µ‡±ç‡∞Ø‡∞æ‡∞ï‡±ç‡∞∏‡∞ø‡∞®‡±ç ‡∞≤‡∞®‡±Å

 Narendra Modi &amp; EAM Dr S. Jaishankar

     *‚Äî ‡∞ú‡∞Æ‡±à‡∞ï‡∞æ ‡∞µ‡∞ø‡∞¶‡±á‡∞∂‡∞æ‡∞Ç‡∞ó ‡∞Æ‡∞Ç‡∞§‡±ç‡∞∞‡∞ø ‡∞ï‡∞Æ‡±Ä‡∞®‡∞æ ‡∞ú‡∞æ‡∞®‡±ç‡∞∏‡∞®‡±ç ‡∞∏‡±ç‡∞Æ‡∞ø‡∞§‡±ç* https://t.co/9DrmdyvDCY",04:54:39,"üáØüá≤ ‡∞Æ‡∞π‡∞Æ‡±ç‡∞Æ‡∞æ‡∞∞‡∞ø ‡∞∏‡∞Æ‡∞Ø‡∞Ç‡∞≤‡±ã ‡∞≠‡∞æ‡∞∞‡∞§‡±ç üáÆüá≥ ‡∞Æ‡∞æ‡∞ï‡±Å ‚Äò‡∞π‡±ã‡∞™‡±ç‚Äô ‡∞®‡∞ø ‡∞Ö‡∞Ç‡∞¶‡∞ø‡∞Ç‡∞ö‡∞ø‡∞Ç‡∞¶‡∞ø ! ‡∞ï‡∞∞‡±ã‡∞®‡∞æ ‡∞∏‡∞Æ‡∞Ø‡∞Ç‡∞≤‡±ã ‡∞á‡∞§‡∞∞‡±Å‡∞≤‡±Å ‡∞ï‡±ã‡∞µ‡∞ø‡∞°‡±ç ‡∞∏‡∞∞‡∞´‡∞∞‡∞æ‡∞≤‡±Å ‡∞®‡∞ø‡∞≤‡∞ø‡∞™‡∞ø‡∞µ‡±á‡∞∏‡±á ‡∞®‡∞ø‡∞∞‡±ç‡∞£‡∞Ø‡∞Ç ‡∞§‡±Ä‡∞∏‡±Å‡∞ï‡±Å‡∞®‡±ç‡∞®‡∞™‡±Å‡∞°‡±Å, ‡∞Æ‡∞π‡∞Æ‡±ç‡∞Æ‡∞æ‡∞∞‡∞ø‡∞§‡±ã ‡∞§‡∞® ‡∞™‡±ã‡∞∞‡∞æ‡∞ü‡∞Ç ‡∞ï‡±ä‡∞®‡∞∏‡∞æ‡∞ó‡∞ø‡∞∏‡±ç‡∞§‡±Ç‡∞®‡±á, ‡∞≠‡∞æ‡∞∞‡∞§‡±ç ‡∞µ‡±ç‡∞Ø‡∞æ‡∞ï‡±ç‡∞∏‡∞ø‡∞®‡±ç ‡∞≤‡∞®‡±Å narendra modi &amp; eam dr s. jaishankar *‚Äî ‡∞ú‡∞Æ‡±à‡∞ï‡∞æ ‡∞µ‡∞ø‡∞¶‡±á‡∞∂‡∞æ‡∞Ç‡∞ó ‡∞Æ‡∞Ç‡∞§‡±ç‡∞∞‡∞ø ‡∞ï‡∞Æ‡±Ä‡∞®‡∞æ ‡∞ú‡∞æ‡∞®‡±ç‡∞∏‡∞®‡±ç ‡∞∏‡±ç‡∞Æ‡∞ø‡∞§‡±ç* ","['üáØüá≤', '‡∞Æ‡∞π‡∞Æ‡±ç‡∞Æ‡∞æ‡∞∞‡∞ø', '‡∞∏‡∞Æ‡∞Ø‡∞Ç‡∞≤‡±ã', '‡∞≠‡∞æ‡∞∞‡∞§‡±ç', 'üáÆüá≥', '‡∞Æ‡∞æ‡∞ï‡±Å', '‚Äò‡∞π‡±ã‡∞™‡±ç‚Äô', '‡∞®‡∞ø', '‡∞Ö‡∞Ç‡∞¶‡∞ø‡∞Ç‡∞ö‡∞ø‡∞Ç‡∞¶‡∞ø', '!', '‡∞ï‡∞∞‡±ã‡∞®‡∞æ', '‡∞∏‡∞Æ‡∞Ø‡∞Ç‡∞≤‡±ã', '‡∞á‡∞§‡∞∞‡±Å‡∞≤‡±Å', '‡∞ï‡±ã‡∞µ‡∞ø‡∞°‡±ç', '‡∞∏‡∞∞‡∞´‡∞∞‡∞æ‡∞≤‡±Å', '‡∞®‡∞ø‡∞≤‡∞ø‡∞™‡∞ø‡∞µ‡±á‡∞∏‡±á', '‡∞®‡∞ø‡∞∞‡±ç‡∞£‡∞Ø‡∞Ç', '‡∞§‡±Ä‡∞∏‡±Å‡∞ï‡±Å‡∞®‡±ç‡∞®‡∞™‡±Å‡∞°‡±Å,', '‡∞Æ‡∞π‡∞Æ‡±ç‡∞Æ‡∞æ‡∞∞‡∞ø‡∞§‡±ã', '‡∞§‡∞®', '‡∞™‡±ã‡∞∞‡∞æ‡∞ü‡∞Ç', '‡∞ï‡±ä‡∞®‡∞∏‡∞æ‡∞ó‡∞ø‡∞∏‡±ç‡∞§‡±Ç‡∞®‡±á,', '‡∞≠‡∞æ‡∞∞‡∞§‡±ç', '‡∞µ‡±ç‡∞Ø‡∞æ‡∞ï‡±ç‡∞∏‡∞ø‡∞®‡±ç', '‡∞≤‡∞®‡±Å', 'Narendra', 'Modi', '&amp;', 'EAM', 'Dr', 'S.', 'Jaishankar', '*‚Äî', '‡∞ú‡∞Æ‡±à‡∞ï‡∞æ', '‡∞µ‡∞ø‡∞¶‡±á‡∞∂‡∞æ‡∞Ç‡∞ó', '‡∞Æ‡∞Ç‡∞§‡±ç‡∞∞‡∞ø', '‡∞ï‡∞Æ‡±Ä‡∞®‡∞æ', '‡∞ú‡∞æ‡∞®‡±ç‡∞∏‡∞®‡±ç', '‡∞∏‡±ç‡∞Æ‡∞ø‡∞§‡±ç*', 'https://t.co/9DrmdyvDCY']"
2022:10:13,Amanakarapu369,Jai Congress Jai Rahul Gandhi ji üáÆüá≥üáÆüá≥ ‡∞ú‡±à ‡∞∞‡±á‡∞µ‡∞Ç‡∞§‡±ç ‡∞∞‡±Ü‡∞°‡±ç‡∞°‡∞ø ‡∞ú‡±à ‡∞∏‡±ç‡∞∞‡∞µ‡∞Ç‡∞§‡∞ø ‡∞Ö‡∞ï‡±ç‡∞ï https://t.co/Uqv6Nrfslz,08:37:51,jai congress jai rahul gandhi ji üáÆüá≥üáÆüá≥ ‡∞ú‡±à ‡∞∞‡±á‡∞µ‡∞Ç‡∞§‡±ç ‡∞∞‡±Ü‡∞°‡±ç‡∞°‡∞ø ‡∞ú‡±à ‡∞∏‡±ç‡∞∞‡∞µ‡∞Ç‡∞§‡∞ø ‡∞Ö‡∞ï‡±ç‡∞ï ,"['Jai', 'Congress', 'Jai', 'Rahul', 'Gandhi', 'ji', 'üáÆüá≥üáÆüá≥', '‡∞ú‡±à', '‡∞∞‡±á‡∞µ‡∞Ç‡∞§‡±ç', '‡∞∞‡±Ü‡∞°‡±ç‡∞°‡∞ø', '‡∞ú‡±à', '‡∞∏‡±ç‡∞∞‡∞µ‡∞Ç‡∞§‡∞ø', '‡∞Ö‡∞ï‡±ç‡∞ï', 'https://t.co/Uqv6Nrfslz']"
2022:10:06,R24Telugu,"‡∞∞‡∞æ‡∞π‡±Å‡∞≤‡±ç ‡∞ó‡∞æ‡∞Ç‡∞ß‡±Ä ‡∞è‡∞™‡±Ä‡∞≤‡±ã ‡∞Ö‡∞°‡±Å‡∞ó‡±Å ‡∞™‡±Ü‡∞°‡∞ø‡∞§‡±á ‡∞µ‡∞ø‡∞ö‡∞ø‡∞§‡±ç‡∞∞‡∞Æ‡±à‡∞® ‡∞∞‡∞æ‡∞ú‡∞ï‡±Ä‡∞Ø‡∞æ‡∞≤‡±Å ‡∞â‡∞Ç‡∞ü‡∞æ‡∞Ø‡∞ø | If Rahul Gandhi steps in AP..? there will be strange politics | Adusumilli Srinivasa Rao ‡•§ R24 Telugu
#adusumillisrinivasarao #rahulgandhi #r24telugu #bharatjodoyatra #appolitics 
Watch more: https://t.co/jck1yAsgRX",06:34:15,‡∞∞‡∞æ‡∞π‡±Å‡∞≤‡±ç ‡∞ó‡∞æ‡∞Ç‡∞ß‡±Ä ‡∞è‡∞™‡±Ä‡∞≤‡±ã ‡∞Ö‡∞°‡±Å‡∞ó‡±Å ‡∞™‡±Ü‡∞°‡∞ø‡∞§‡±á ‡∞µ‡∞ø‡∞ö‡∞ø‡∞§‡±ç‡∞∞‡∞Æ‡±à‡∞® ‡∞∞‡∞æ‡∞ú‡∞ï‡±Ä‡∞Ø‡∞æ‡∞≤‡±Å ‡∞â‡∞Ç‡∞ü‡∞æ‡∞Ø‡∞ø | if rahul gandhi steps in ap..? there will be strange politics | adusumilli srinivasa rao ‡•§ r24 telugu #adusumillisrinivasarao #rahulgandhi #r24telugu #bharatjodoyatra #appolitics watch more: ,"['‡∞∞‡∞æ‡∞π‡±Å‡∞≤‡±ç', '‡∞ó‡∞æ‡∞Ç‡∞ß‡±Ä', '‡∞è‡∞™‡±Ä‡∞≤‡±ã', '‡∞Ö‡∞°‡±Å‡∞ó‡±Å', '‡∞™‡±Ü‡∞°‡∞ø‡∞§‡±á', '‡∞µ‡∞ø‡∞ö‡∞ø‡∞§‡±ç‡∞∞‡∞Æ‡±à‡∞®', '‡∞∞‡∞æ‡∞ú‡∞ï‡±Ä‡∞Ø‡∞æ‡∞≤‡±Å', '‡∞â‡∞Ç‡∞ü‡∞æ‡∞Ø‡∞ø', '|', 'If', 'Rahul', 'Gandhi', 'steps', 'in', 'AP..?', 'there', 'will', 'be', 'strange', 'politics', '|', 'Adusumilli', 'Srinivasa', 'Rao', '‡•§', 'R24', 'Telugu', '#adusumillisrinivasarao', '#rahulgandhi', '#r24telugu', '#bharatjodoyatra', '#appolitics', 'Watch', 'more:', 'https://t.co/jck1yAsgRX']"
2022:08:25,MyIndMedia,"‡∞®‡∞æ ‡∞™‡±ç‡∞∞‡∞≠‡±Å‡∞§‡±ç‡∞µ‡∞æ‡∞®‡±ç‡∞®‡∞ø ‡∞ï‡±Ç‡∞≤‡±ç‡∞ö‡±á ‡∞ï‡±Å‡∞ü‡±ç‡∞∞ ‡∞ú‡∞∞‡±Å‡∞ó‡±Å‡∞§‡±ã‡∞Ç‡∞¶‡∞ø, ‡∞Ö‡∞Ç‡∞¶‡±Å‡∞ï‡±Å ‡∞¨‡±Ä‡∞ú‡±á‡∞™‡±Ä 800 ‡∞ï‡±ã‡∞ü‡±ç‡∞≤‡±Å ‡∞∏‡∞ø‡∞¶‡±ç‡∞ß‡∞Ç ‡∞ö‡±á‡∞∏‡±Å‡∞ï‡±Å‡∞Ç‡∞¶‡∞ø : ‡∞Ö‡∞∞‡∞µ‡∞ø‡∞Ç‡∞¶‡±ç ‡∞ï‡±á‡∞ú‡±ç‡∞∞‡±Ä‡∞µ‡∞æ‡∞≤‡±ç | Delhi | Arvind Kejriwal | AAP | BJP | manish Sisodia | MyIndMedia
#ManishSisodia #ArvindKejriwal #Kejriwal #Delhi #BJP #AAP #AamAdmiParty 
https://t.co/RqUM1k02ly",11:45:00,"‡∞®‡∞æ ‡∞™‡±ç‡∞∞‡∞≠‡±Å‡∞§‡±ç‡∞µ‡∞æ‡∞®‡±ç‡∞®‡∞ø ‡∞ï‡±Ç‡∞≤‡±ç‡∞ö‡±á ‡∞ï‡±Å‡∞ü‡±ç‡∞∞ ‡∞ú‡∞∞‡±Å‡∞ó‡±Å‡∞§‡±ã‡∞Ç‡∞¶‡∞ø, ‡∞Ö‡∞Ç‡∞¶‡±Å‡∞ï‡±Å ‡∞¨‡±Ä‡∞ú‡±á‡∞™‡±Ä 800 ‡∞ï‡±ã‡∞ü‡±ç‡∞≤‡±Å ‡∞∏‡∞ø‡∞¶‡±ç‡∞ß‡∞Ç ‡∞ö‡±á‡∞∏‡±Å‡∞ï‡±Å‡∞Ç‡∞¶‡∞ø : ‡∞Ö‡∞∞‡∞µ‡∞ø‡∞Ç‡∞¶‡±ç ‡∞ï‡±á‡∞ú‡±ç‡∞∞‡±Ä‡∞µ‡∞æ‡∞≤‡±ç | delhi | arvind kejriwal | aap | bjp | manish sisodia | myindmedia #manishsisodia #arvindkejriwal #kejriwal #delhi #bjp #aap #aamadmiparty ","['‡∞®‡∞æ', '‡∞™‡±ç‡∞∞‡∞≠‡±Å‡∞§‡±ç‡∞µ‡∞æ‡∞®‡±ç‡∞®‡∞ø', '‡∞ï‡±Ç‡∞≤‡±ç‡∞ö‡±á', '‡∞ï‡±Å‡∞ü‡±ç‡∞∞', '‡∞ú‡∞∞‡±Å‡∞ó‡±Å‡∞§‡±ã‡∞Ç‡∞¶‡∞ø,', '‡∞Ö‡∞Ç‡∞¶‡±Å‡∞ï‡±Å', '‡∞¨‡±Ä‡∞ú‡±á‡∞™‡±Ä', '800', '‡∞ï‡±ã‡∞ü‡±ç‡∞≤‡±Å', '‡∞∏‡∞ø‡∞¶‡±ç‡∞ß‡∞Ç', '‡∞ö‡±á‡∞∏‡±Å‡∞ï‡±Å‡∞Ç‡∞¶‡∞ø', ':', '‡∞Ö‡∞∞‡∞µ‡∞ø‡∞Ç‡∞¶‡±ç', '‡∞ï‡±á‡∞ú‡±ç‡∞∞‡±Ä‡∞µ‡∞æ‡∞≤‡±ç', '|', 'Delhi', '|', 'Arvind', 'Kejriwal', '|', 'AAP', '|', 'BJP', '|', 'manish', 'Sisodia', '|', 'MyIndMedia', '#ManishSisodia', '#ArvindKejriwal', '#Kejriwal', '#Delhi', '#BJP', '#AAP', '#AamAdmiParty', 'https://t.co/RqUM1k02ly']"
2022:06:06,surya_girija,Arvind Kejriwal: ‚Äò‡∞Æ‡±Ä ‡∞∏‡±Ä‡∞®‡∞ø‡∞Ø‡∞∞‡±ç‚Äå ‡∞®‡∞æ‡∞Ø‡∞ï‡±Å‡∞°‡∞ø ‡∞Ö‡∞µ‡∞ø‡∞®‡±Ä‡∞§‡∞ø‡∞®‡∞ø ‡∞¨‡∞ü‡±ç‡∞ü‡∞¨‡∞Ø‡∞≤‡±Å ‡∞ö‡±á‡∞∏‡±ç‡∞§‡∞æ‡∞Ç‚Äô https://t.co/OuX9ywGn4y If you jump into the  mud there are bound to be stains!,06:10:47,arvind kejriwal: ‚Äò‡∞Æ‡±Ä ‡∞∏‡±Ä‡∞®‡∞ø‡∞Ø‡∞∞‡±ç‚Äå ‡∞®‡∞æ‡∞Ø‡∞ï‡±Å‡∞°‡∞ø ‡∞Ö‡∞µ‡∞ø‡∞®‡±Ä‡∞§‡∞ø‡∞®‡∞ø ‡∞¨‡∞ü‡±ç‡∞ü‡∞¨‡∞Ø‡∞≤‡±Å ‡∞ö‡±á‡∞∏‡±ç‡∞§‡∞æ‡∞Ç‚Äô if you jump into the mud there are bound to be stains!,"['Arvind', 'Kejriwal:', '‚Äò‡∞Æ‡±Ä', '‡∞∏‡±Ä‡∞®‡∞ø‡∞Ø‡∞∞‡±ç\u200c', '‡∞®‡∞æ‡∞Ø‡∞ï‡±Å‡∞°‡∞ø', '‡∞Ö‡∞µ‡∞ø‡∞®‡±Ä‡∞§‡∞ø‡∞®‡∞ø', '‡∞¨‡∞ü‡±ç‡∞ü‡∞¨‡∞Ø‡∞≤‡±Å', '‡∞ö‡±á‡∞∏‡±ç‡∞§‡∞æ‡∞Ç‚Äô', 'https://t.co/OuX9ywGn4y', 'If', 'you', 'jump', 'into', 'the', 'mud', 'there', 'are', 'bound', 'to', 'be', 'stains!']"
2022:09:17,abntelugutv,"‡∞Æ‡±ã‡∞¶‡±Ä ‡∞¨‡∞∞‡±ç‡∞§‡±ç‚Äå ‡∞°‡±á.. ‡∞™‡±Å‡∞ü‡±ç‡∞ü‡∞ø‡∞®‡∞∞‡±ã‡∞ú‡±Å ‡∞™‡∞ø‡∞≤‡±ç‡∞≤‡∞≤‡∞ï‡±Å ‡∞¨‡∞Ç‡∞ó‡∞æ‡∞∞‡∞Ç ‡∞ó‡∞ø‡∞´‡±ç‡∞ü‡±ç..
| ABN Digital

Watch Video ---&gt;&gt; https://t.co/oMx11Dnmjd

#Narendra_Modi #NarendraModiJiBirthday #BJPLeaders #goldsupply #TamilNadu #ABN #ABNDigital",16:01:04,‡∞Æ‡±ã‡∞¶‡±Ä ‡∞¨‡∞∞‡±ç‡∞§‡±ç‚Äå ‡∞°‡±á.. ‡∞™‡±Å‡∞ü‡±ç‡∞ü‡∞ø‡∞®‡∞∞‡±ã‡∞ú‡±Å ‡∞™‡∞ø‡∞≤‡±ç‡∞≤‡∞≤‡∞ï‡±Å ‡∞¨‡∞Ç‡∞ó‡∞æ‡∞∞‡∞Ç ‡∞ó‡∞ø‡∞´‡±ç‡∞ü‡±ç.. | abn digital watch video ---&gt;&gt; #narendra_modi #narendramodijibirthday #bjpleaders #goldsupply #tamilnadu #abn #abndigital,"['‡∞Æ‡±ã‡∞¶‡±Ä', '‡∞¨‡∞∞‡±ç‡∞§‡±ç\u200c', '‡∞°‡±á..', '‡∞™‡±Å‡∞ü‡±ç‡∞ü‡∞ø‡∞®‡∞∞‡±ã‡∞ú‡±Å', '‡∞™‡∞ø‡∞≤‡±ç‡∞≤‡∞≤‡∞ï‡±Å', '‡∞¨‡∞Ç‡∞ó‡∞æ‡∞∞‡∞Ç', '‡∞ó‡∞ø‡∞´‡±ç‡∞ü‡±ç..', '|', 'ABN', 'Digital', 'Watch', 'Video', '---&gt;&gt;', 'https://t.co/oMx11Dnmjd', '#Narendra_Modi', '#NarendraModiJiBirthday', '#BJPLeaders', '#goldsupply', '#TamilNadu', '#ABN', '#ABNDigital']"
2022:10:11,sardark14,"BJP ‡∞Ö‡∞¨‡±ç‡∞¨‡∞¶‡±ç‡∞¶‡∞™‡±ç‡∞∞‡∞ö‡∞æ‡∞∞‡∞æ‡∞≤‡∞®‡±Å ‡∞™‡∞ü‡∞æ‡∞™‡∞Ç‡∞ö‡∞≤‡±Å ‡∞ö‡±á‡∞∏‡±ç‡∞§‡±Ç ‡∞¶‡±Ç‡∞∏‡±Å‡∞ï‡±Å‡∞™‡±ã‡∞§‡±Å‡∞®‡±ç‡∞® ‡∞∞‡∞æ‡∞π‡±Å‡∞≤‡±ç ‡∞ó‡∞æ‡∞Ç‡∞ß‡±Ä ‡∞á‡∞Æ‡±á‡∞ú‡±ç.. 
Rahul Gandhi #RahulGandhiVoiceOfIndia 

#BharatJodoYatra https://t.co/jbzW3DCsOa",12:50:11,bjp ‡∞Ö‡∞¨‡±ç‡∞¨‡∞¶‡±ç‡∞¶‡∞™‡±ç‡∞∞‡∞ö‡∞æ‡∞∞‡∞æ‡∞≤‡∞®‡±Å ‡∞™‡∞ü‡∞æ‡∞™‡∞Ç‡∞ö‡∞≤‡±Å ‡∞ö‡±á‡∞∏‡±ç‡∞§‡±Ç ‡∞¶‡±Ç‡∞∏‡±Å‡∞ï‡±Å‡∞™‡±ã‡∞§‡±Å‡∞®‡±ç‡∞® ‡∞∞‡∞æ‡∞π‡±Å‡∞≤‡±ç ‡∞ó‡∞æ‡∞Ç‡∞ß‡±Ä ‡∞á‡∞Æ‡±á‡∞ú‡±ç.. rahul gandhi #rahulgandhivoiceofindia #bharatjodoyatra ,"['BJP', '‡∞Ö‡∞¨‡±ç‡∞¨‡∞¶‡±ç‡∞¶‡∞™‡±ç‡∞∞‡∞ö‡∞æ‡∞∞‡∞æ‡∞≤‡∞®‡±Å', '‡∞™‡∞ü‡∞æ‡∞™‡∞Ç‡∞ö‡∞≤‡±Å', '‡∞ö‡±á‡∞∏‡±ç‡∞§‡±Ç', '‡∞¶‡±Ç‡∞∏‡±Å‡∞ï‡±Å‡∞™‡±ã‡∞§‡±Å‡∞®‡±ç‡∞®', '‡∞∞‡∞æ‡∞π‡±Å‡∞≤‡±ç', '‡∞ó‡∞æ‡∞Ç‡∞ß‡±Ä', '‡∞á‡∞Æ‡±á‡∞ú‡±ç..', 'Rahul', 'Gandhi', '#RahulGandhiVoiceOfIndia', '#BharatJodoYatra', 'https://t.co/jbzW3DCsOa']"
2022:09:17,KsKsreddy17690,@narendramodi ‡∞®‡±á‡∞°‡±Å Prime Minister of India Narendra Modi ‡∞ó‡∞æ‡∞∞‡∞ø ‡∞ú‡∞®‡±ç‡∞Æ‡∞¶‡∞ø‡∞® ‡∞µ‡±á‡∞°‡±Å‡∞ï‡∞≤‡±Å ‡∞∏‡∞Ç‡∞¶‡∞∞‡±ç‡∞≠‡∞Ç‡∞ó‡∞æ ‡∞∂‡±Å‡∞≠‡∞æ‡∞ï‡∞æ‡∞Ç‡∞ï‡±ç‡∞∑‡∞≤‡±Å ‡∞§‡±Ü‡∞≤‡±Å‡∞™‡±Å‡∞§‡±Ç ‡∞∂‡±ç‡∞∞‡±Ä ‡∞∏‡∞§‡±ç‡∞Ø ‡∞∏‡∞æ‡∞Ø‡∞ø ‡∞ú‡∞ø‡∞≤‡±ç‡∞≤‡∞æ ‡∞ï‡∞¶‡∞ø‡∞∞‡∞ø ‡∞®‡∞ø‡∞Ø‡±ã‡∞ú‡∞ï ‡∞µ‡∞∞‡±ç‡∞ó‡∞Ç ‡∞®‡∞Ç‡∞¨‡±Å‡∞≤ ‡∞™‡±Ç‡∞≤‡∞ï‡±Å‡∞Ç‡∞ü ‡∞™‡±ç‡∞∞‡∞æ‡∞ß‡∞Æ‡∞ø‡∞ï ‡∞µ‡±à‡∞¶‡±ç‡∞Ø‡∞∂‡∞æ‡∞≤ ‡∞®‡∞Ç‡∞¶‡±Å ‡∞∞‡∞ï‡±ç‡∞§ ‡∞¶‡∞æ‡∞®‡∞Ç ‡∞ö‡±á‡∞Ø‡∞°‡∞Ç ‡∞ú‡∞∞‡∞ø‡∞ó‡∞ø‡∞Ç‡∞¶‡∞ø. https://t.co/v5ZQGd1J3T,13:27:01, ‡∞®‡±á‡∞°‡±Å prime minister of india narendra modi ‡∞ó‡∞æ‡∞∞‡∞ø ‡∞ú‡∞®‡±ç‡∞Æ‡∞¶‡∞ø‡∞® ‡∞µ‡±á‡∞°‡±Å‡∞ï‡∞≤‡±Å ‡∞∏‡∞Ç‡∞¶‡∞∞‡±ç‡∞≠‡∞Ç‡∞ó‡∞æ ‡∞∂‡±Å‡∞≠‡∞æ‡∞ï‡∞æ‡∞Ç‡∞ï‡±ç‡∞∑‡∞≤‡±Å ‡∞§‡±Ü‡∞≤‡±Å‡∞™‡±Å‡∞§‡±Ç ‡∞∂‡±ç‡∞∞‡±Ä ‡∞∏‡∞§‡±ç‡∞Ø ‡∞∏‡∞æ‡∞Ø‡∞ø ‡∞ú‡∞ø‡∞≤‡±ç‡∞≤‡∞æ ‡∞ï‡∞¶‡∞ø‡∞∞‡∞ø ‡∞®‡∞ø‡∞Ø‡±ã‡∞ú‡∞ï ‡∞µ‡∞∞‡±ç‡∞ó‡∞Ç ‡∞®‡∞Ç‡∞¨‡±Å‡∞≤ ‡∞™‡±Ç‡∞≤‡∞ï‡±Å‡∞Ç‡∞ü ‡∞™‡±ç‡∞∞‡∞æ‡∞ß‡∞Æ‡∞ø‡∞ï ‡∞µ‡±à‡∞¶‡±ç‡∞Ø‡∞∂‡∞æ‡∞≤ ‡∞®‡∞Ç‡∞¶‡±Å ‡∞∞‡∞ï‡±ç‡∞§ ‡∞¶‡∞æ‡∞®‡∞Ç ‡∞ö‡±á‡∞Ø‡∞°‡∞Ç ‡∞ú‡∞∞‡∞ø‡∞ó‡∞ø‡∞Ç‡∞¶‡∞ø. ,"['@narendramodi', '‡∞®‡±á‡∞°‡±Å', 'Prime', 'Minister', 'of', 'India', 'Narendra', 'Modi', '‡∞ó‡∞æ‡∞∞‡∞ø', '‡∞ú‡∞®‡±ç‡∞Æ‡∞¶‡∞ø‡∞®', '‡∞µ‡±á‡∞°‡±Å‡∞ï‡∞≤‡±Å', '‡∞∏‡∞Ç‡∞¶‡∞∞‡±ç‡∞≠‡∞Ç‡∞ó‡∞æ', '‡∞∂‡±Å‡∞≠‡∞æ‡∞ï‡∞æ‡∞Ç‡∞ï‡±ç‡∞∑‡∞≤‡±Å', '‡∞§‡±Ü‡∞≤‡±Å‡∞™‡±Å‡∞§‡±Ç', '‡∞∂‡±ç‡∞∞‡±Ä', '‡∞∏‡∞§‡±ç‡∞Ø', '‡∞∏‡∞æ‡∞Ø‡∞ø', '‡∞ú‡∞ø‡∞≤‡±ç‡∞≤‡∞æ', '‡∞ï‡∞¶‡∞ø‡∞∞‡∞ø', '‡∞®‡∞ø‡∞Ø‡±ã‡∞ú‡∞ï', '‡∞µ‡∞∞‡±ç‡∞ó‡∞Ç', '‡∞®‡∞Ç‡∞¨‡±Å‡∞≤', '‡∞™‡±Ç‡∞≤‡∞ï‡±Å‡∞Ç‡∞ü', '‡∞™‡±ç‡∞∞‡∞æ‡∞ß‡∞Æ‡∞ø‡∞ï', '‡∞µ‡±à‡∞¶‡±ç‡∞Ø‡∞∂‡∞æ‡∞≤', '‡∞®‡∞Ç‡∞¶‡±Å', '‡∞∞‡∞ï‡±ç‡∞§', '‡∞¶‡∞æ‡∞®‡∞Ç', '‡∞ö‡±á‡∞Ø‡∞°‡∞Ç', '‡∞ú‡∞∞‡∞ø‡∞ó‡∞ø‡∞Ç‡∞¶‡∞ø.', 'https://t.co/v5ZQGd1J3T']"
2022:10:01,MyIndMedia,"‡∞Æ‡±ã‡∞¶‡±Ä ‡∞ï‡∞æ‡∞®‡±ç‡∞µ‡∞æ‡∞Ø‡±ç ‡∞≤‡±ã‡∞ï‡∞ø ‡∞Ü‡∞Ç‡∞¨‡±Å‡∞≤‡±Ü‡∞®‡±ç‡∞∏‡±ç ‚Äì ‡∞ï‡∞æ‡∞∏‡±á‡∞™‡±Å ‡∞ï‡∞æ‡∞®‡±ç‡∞µ‡∞æ‡∞Ø‡±ç ‡∞®‡∞ø ‡∞™‡∞ï‡±ç‡∞ï‡∞ï‡±Å ‡∞®‡∞ø‡∞≤‡∞ø‡∞™‡∞ø‡∞® ‡∞™‡±ç‡∞∞‡∞ß‡∞æ‡∞®‡∞ø ‡∞∏‡∞ø‡∞¨‡±ç‡∞¨‡∞Ç‡∞¶‡∞ø-‡∞∏‡±ã‡∞∑‡∞≤‡±ç‡∞Æ‡±Ä‡∞°‡∞ø‡∞Ø‡±ã‡∞≤‡±ã ‡∞µ‡±Ä‡∞°‡∞ø‡∞Ø‡±ã ‡∞µ‡±à‡∞∞‡∞≤‡±ç | Narendra Modi |  Gujarat | Ambulance | MyIndMedia
#Gujarat #NarendraModi #Modi #BJP #Ambulance 
https://t.co/SpDA6xVzYY",10:27:02,‡∞Æ‡±ã‡∞¶‡±Ä ‡∞ï‡∞æ‡∞®‡±ç‡∞µ‡∞æ‡∞Ø‡±ç ‡∞≤‡±ã‡∞ï‡∞ø ‡∞Ü‡∞Ç‡∞¨‡±Å‡∞≤‡±Ü‡∞®‡±ç‡∞∏‡±ç ‚Äì ‡∞ï‡∞æ‡∞∏‡±á‡∞™‡±Å ‡∞ï‡∞æ‡∞®‡±ç‡∞µ‡∞æ‡∞Ø‡±ç ‡∞®‡∞ø ‡∞™‡∞ï‡±ç‡∞ï‡∞ï‡±Å ‡∞®‡∞ø‡∞≤‡∞ø‡∞™‡∞ø‡∞® ‡∞™‡±ç‡∞∞‡∞ß‡∞æ‡∞®‡∞ø ‡∞∏‡∞ø‡∞¨‡±ç‡∞¨‡∞Ç‡∞¶‡∞ø-‡∞∏‡±ã‡∞∑‡∞≤‡±ç‡∞Æ‡±Ä‡∞°‡∞ø‡∞Ø‡±ã‡∞≤‡±ã ‡∞µ‡±Ä‡∞°‡∞ø‡∞Ø‡±ã ‡∞µ‡±à‡∞∞‡∞≤‡±ç | narendra modi | gujarat | ambulance | myindmedia #gujarat #narendramodi #modi #bjp #ambulance ,"['‡∞Æ‡±ã‡∞¶‡±Ä', '‡∞ï‡∞æ‡∞®‡±ç‡∞µ‡∞æ‡∞Ø‡±ç', '‡∞≤‡±ã‡∞ï‡∞ø', '‡∞Ü‡∞Ç‡∞¨‡±Å‡∞≤‡±Ü‡∞®‡±ç‡∞∏‡±ç', '‚Äì', '‡∞ï‡∞æ‡∞∏‡±á‡∞™‡±Å', '‡∞ï‡∞æ‡∞®‡±ç‡∞µ‡∞æ‡∞Ø‡±ç', '‡∞®‡∞ø', '‡∞™‡∞ï‡±ç‡∞ï‡∞ï‡±Å', '‡∞®‡∞ø‡∞≤‡∞ø‡∞™‡∞ø‡∞®', '‡∞™‡±ç‡∞∞‡∞ß‡∞æ‡∞®‡∞ø', '‡∞∏‡∞ø‡∞¨‡±ç‡∞¨‡∞Ç‡∞¶‡∞ø-‡∞∏‡±ã‡∞∑‡∞≤‡±ç‡∞Æ‡±Ä‡∞°‡∞ø‡∞Ø‡±ã‡∞≤‡±ã', '‡∞µ‡±Ä‡∞°‡∞ø‡∞Ø‡±ã', '‡∞µ‡±à‡∞∞‡∞≤‡±ç', '|', 'Narendra', 'Modi', '|', 'Gujarat', '|', 'Ambulance', '|', 'MyIndMedia', '#Gujarat', '#NarendraModi', '#Modi', '#BJP', '#Ambulance', 'https://t.co/SpDA6xVzYY']"
2022:10:05,rsdaroga,‡∞¨‡±Ä‡∞ú‡±á‡∞™‡±Ä ‡∞™‡±ç‡∞∞‡∞≠‡±Å‡∞§‡±ç‡∞µ‡∞Ç ‡∞é‡∞≤‡∞æ ‡∞è‡∞∞‡±ç‡∞™‡∞°‡±Å‡∞§‡±Å‡∞®‡±ç‡∞®‡∞æ‡∞Ø‡∞ø? BJP | Narendra Modi |  Sitharam Yec... https://t.co/vjXs4a79tr via @YouTube,09:11:58,‡∞¨‡±Ä‡∞ú‡±á‡∞™‡±Ä ‡∞™‡±ç‡∞∞‡∞≠‡±Å‡∞§‡±ç‡∞µ‡∞Ç ‡∞é‡∞≤‡∞æ ‡∞è‡∞∞‡±ç‡∞™‡∞°‡±Å‡∞§‡±Å‡∞®‡±ç‡∞®‡∞æ‡∞Ø‡∞ø? bjp | narendra modi | sitharam yec... via ,"['‡∞¨‡±Ä‡∞ú‡±á‡∞™‡±Ä', '‡∞™‡±ç‡∞∞‡∞≠‡±Å‡∞§‡±ç‡∞µ‡∞Ç', '‡∞é‡∞≤‡∞æ', '‡∞è‡∞∞‡±ç‡∞™‡∞°‡±Å‡∞§‡±Å‡∞®‡±ç‡∞®‡∞æ‡∞Ø‡∞ø?', 'BJP', '|', 'Narendra', 'Modi', '|', 'Sitharam', 'Yec...', 'https://t.co/vjXs4a79tr', 'via', '@YouTube']"
